
===========================================================================
report_checks -unconstrained
===========================================================================
======================= nom_tt_025C_3v30 Corner ===================================

Startpoint: _63301_ (rising edge-triggered flip-flop clocked by IQ_CLK)
Endpoint: _62100_ (rising edge-triggered flip-flop clocked by IQ_CLK)
Path Group: IQ_CLK
Path Type: max

Fanout         Cap        Slew       Delay        Time   Description
---------------------------------------------------------------------------------------------
                                  0.000000    0.000000   clock IQ_CLK (rise edge)
                                  0.000000    0.000000   clock source latency
     2    0.199508    0.000000    0.000000    0.000000 ^ IQ_CLK (in)
                                                         IQ_CLK (net)
                      0.076411    0.031255    0.031255 ^ clkbuf_regs_0_IQ_CLK/I (gf180mcu_fd_sc_mcu7t5v0__clkbuf_16)
     1    0.022390    0.121627    0.287647    0.318902 ^ clkbuf_regs_0_IQ_CLK/Z (gf180mcu_fd_sc_mcu7t5v0__clkbuf_16)
                                                         IQ_CLK_regs (net)
                      0.121628    0.000226    0.319128 ^ clkbuf_0_IQ_CLK_regs/I (gf180mcu_fd_sc_mcu7t5v0__clkbuf_16)
     4    0.189954    0.335993    0.451735    0.770863 ^ clkbuf_0_IQ_CLK_regs/Z (gf180mcu_fd_sc_mcu7t5v0__clkbuf_16)
                                                         clknet_0_IQ_CLK_regs (net)
                      0.336203    0.010670    0.781532 ^ clkbuf_2_0_0_IQ_CLK_regs/I (gf180mcu_fd_sc_mcu7t5v0__clkbuf_16)
     4    0.194016    0.338341    0.500334    1.281867 ^ clkbuf_2_0_0_IQ_CLK_regs/Z (gf180mcu_fd_sc_mcu7t5v0__clkbuf_16)
                                                         clknet_2_0_0_IQ_CLK_regs (net)
                      0.340169    0.019496    1.301363 ^ clkbuf_4_2_0_IQ_CLK_regs/I (gf180mcu_fd_sc_mcu7t5v0__clkbuf_16)
    14    0.529093    0.811426    0.781896    2.083259 ^ clkbuf_4_2_0_IQ_CLK_regs/Z (gf180mcu_fd_sc_mcu7t5v0__clkbuf_16)
                                                         clknet_4_2_0_IQ_CLK_regs (net)
                      0.812547    0.016166    2.099424 ^ clkbuf_leaf_158_IQ_CLK_regs/I (gf180mcu_fd_sc_mcu7t5v0__clkbuf_16)
    33    0.176663    0.329806    0.582575    2.682000 ^ clkbuf_leaf_158_IQ_CLK_regs/Z (gf180mcu_fd_sc_mcu7t5v0__clkbuf_16)
                                                         clknet_leaf_158_IQ_CLK_regs (net)
                      0.329811    0.001960    2.683959 ^ _63301_/CLK (gf180mcu_fd_sc_mcu7t5v0__dffrnq_1)
    20    0.393787    4.834463    3.941796    6.625756 v _63301_/Q (gf180mcu_fd_sc_mcu7t5v0__dffrnq_1)
                                                         packet_done_pulse (net)
                      4.835565    0.042089    6.667845 v _34150_/A1 (gf180mcu_fd_sc_mcu7t5v0__nor2_1)
    14    0.317007   13.912451    9.492164   16.160009 ^ _34150_/ZN (gf180mcu_fd_sc_mcu7t5v0__nor2_1)
                                                         _09416_ (net)
                     13.912451    0.011923   16.171932 ^ _45637_/A4 (gf180mcu_fd_sc_mcu7t5v0__nand4_1)
    22    0.237032    8.969888    5.398786   21.570717 v _45637_/ZN (gf180mcu_fd_sc_mcu7t5v0__nand4_1)
                                                         _18943_ (net)
                      8.969888    0.008843   21.579559 v _45654_/A1 (gf180mcu_fd_sc_mcu7t5v0__oai31_1)
     1    0.005209    1.710708    2.806614   24.386173 ^ _45654_/ZN (gf180mcu_fd_sc_mcu7t5v0__oai31_1)
                                                         _02345_ (net)
                      1.710708    0.000108   24.386282 ^ _62100_/D (gf180mcu_fd_sc_mcu7t5v0__dffrnq_1)
                                             24.386282   data arrival time

                                 31.250000   31.250000   clock IQ_CLK (rise edge)
                                  0.000000   31.250000   clock source latency
     2    0.199508    0.000000    0.000000   31.250000 ^ IQ_CLK (in)
                                                         IQ_CLK (net)
                      0.076411    0.031253   31.281254 ^ clkbuf_regs_0_IQ_CLK/I (gf180mcu_fd_sc_mcu7t5v0__clkbuf_16)
     1    0.022390    0.121627    0.287649   31.568903 ^ clkbuf_regs_0_IQ_CLK/Z (gf180mcu_fd_sc_mcu7t5v0__clkbuf_16)
                                                         IQ_CLK_regs (net)
                      0.121628    0.000227   31.569130 ^ clkbuf_0_IQ_CLK_regs/I (gf180mcu_fd_sc_mcu7t5v0__clkbuf_16)
     4    0.189954    0.335993    0.451735   32.020866 ^ clkbuf_0_IQ_CLK_regs/Z (gf180mcu_fd_sc_mcu7t5v0__clkbuf_16)
                                                         clknet_0_IQ_CLK_regs (net)
                      0.336362    0.012594   32.033459 ^ clkbuf_2_2_0_IQ_CLK_regs/I (gf180mcu_fd_sc_mcu7t5v0__clkbuf_16)
     4    0.196027    0.341173    0.502119   32.535580 ^ clkbuf_2_2_0_IQ_CLK_regs/Z (gf180mcu_fd_sc_mcu7t5v0__clkbuf_16)
                                                         clknet_2_2_0_IQ_CLK_regs (net)
                      0.343347    0.020815   32.556393 ^ clkbuf_4_11_0_IQ_CLK_regs/I (gf180mcu_fd_sc_mcu7t5v0__clkbuf_16)
    11    0.369734    0.586413    0.652157   33.208553 ^ clkbuf_4_11_0_IQ_CLK_regs/Z (gf180mcu_fd_sc_mcu7t5v0__clkbuf_16)
                                                         clknet_4_11_0_IQ_CLK_regs (net)
                      0.587312    0.012072   33.220623 ^ clkbuf_leaf_116_IQ_CLK_regs/I (gf180mcu_fd_sc_mcu7t5v0__clkbuf_16)
    29    0.165324    0.309597    0.531976   33.752602 ^ clkbuf_leaf_116_IQ_CLK_regs/Z (gf180mcu_fd_sc_mcu7t5v0__clkbuf_16)
                                                         clknet_leaf_116_IQ_CLK_regs (net)
                      0.310010    0.009301   33.761902 ^ _62100_/CLK (gf180mcu_fd_sc_mcu7t5v0__dffrnq_1)
                                 -0.500000   33.261902   clock uncertainty
                                  0.000000   33.261902   clock reconvergence pessimism
                                 -0.591494   32.670406   library setup time
                                             32.670406   data required time
---------------------------------------------------------------------------------------------
                                             32.670406   data required time
                                            -24.386282   data arrival time
---------------------------------------------------------------------------------------------
                                              8.284125   slack (MET)




===========================================================================
report_checks --slack_max -0.01
============================================================================
======================= nom_tt_025C_3v30 Corner ===================================

No paths found.


===========================================================================
 report_check_types -max_slew -max_cap -max_fanout -violators
============================================================================
======================= nom_tt_025C_3v30 Corner ===================================

max slew

Pin                                        Limit        Slew       Slack
------------------------------------------------------------------------
_34328_/A2                              8.600000   17.596716   -8.996716 (VIOLATED)
_34342_/B1                              8.600000   17.596716   -8.996716 (VIOLATED)
_34343_/A2                              8.600000   17.596718   -8.996717 (VIOLATED)
_34327_/ZN                              8.600000   17.596630   -8.996631 (VIOLATED)
_34329_/A2                              8.600000   16.531416   -7.931417 (VIOLATED)
_34344_/A2                              8.600000   16.531416   -7.931417 (VIOLATED)
_34326_/ZN                              8.600000   16.531338   -7.931338 (VIOLATED)
_36666_/B1                              8.600000   14.396586   -5.796587 (VIOLATED)
_36938_/A2                              8.600000   14.396587   -5.796587 (VIOLATED)
_36665_/ZN                              8.600000   14.396507   -5.796507 (VIOLATED)
_36906_/A2                              8.600000   14.396507   -5.796507 (VIOLATED)
_37021_/B1                              8.600000   14.396507   -5.796507 (VIOLATED)
_37093_/A2                              8.600000   14.396507   -5.796507 (VIOLATED)
_37169_/B1                              8.600000   14.396507   -5.796507 (VIOLATED)
_37235_/B1                              8.600000   14.396507   -5.796507 (VIOLATED)
_37282_/A2                              8.600000   14.396507   -5.796507 (VIOLATED)
_34752_/A3                              8.600000   13.912569   -5.312569 (VIOLATED)
_47411_/A3                              8.600000   13.912569   -5.312569 (VIOLATED)
_34150_/ZN                              8.600000   13.912451   -5.312451 (VIOLATED)
_34350_/C                               8.600000   13.912451   -5.312451 (VIOLATED)
_45609_/A1                              8.600000   13.912451   -5.312451 (VIOLATED)
_45637_/A4                              8.600000   13.912451   -5.312451 (VIOLATED)
_45642_/A4                              8.600000   13.912451   -5.312451 (VIOLATED)
_45678_/A3                              8.600000   13.912451   -5.312451 (VIOLATED)
_46648_/A2                              8.600000   13.912451   -5.312451 (VIOLATED)
_46687_/A4                              8.600000   13.912451   -5.312451 (VIOLATED)
_46752_/A4                              8.600000   13.912451   -5.312451 (VIOLATED)
_46819_/A4                              8.600000   13.912451   -5.312451 (VIOLATED)
_46858_/A4                              8.600000   13.912451   -5.312451 (VIOLATED)
_46876_/A4                              8.600000   13.912451   -5.312451 (VIOLATED)
_46890_/A2                              8.600000   13.912451   -5.312451 (VIOLATED)
_36815_/ZN                              8.600000   13.026264   -4.426264 (VIOLATED)
_36817_/A2                              8.600000   13.026264   -4.426264 (VIOLATED)
_36891_/B1                              8.600000   13.026264   -4.426264 (VIOLATED)
_36979_/B1                              8.600000   13.026264   -4.426264 (VIOLATED)
_37041_/B1                              8.600000   13.026264   -4.426264 (VIOLATED)
_37109_/B1                              8.600000   13.026264   -4.426264 (VIOLATED)
_37183_/C1                              8.600000   13.026264   -4.426264 (VIOLATED)
_37258_/B1                              8.600000   13.026264   -4.426264 (VIOLATED)
_37307_/B1                              8.600000   13.026264   -4.426264 (VIOLATED)
_37124_/A2                              8.600000   12.898257   -4.298257 (VIOLATED)
_37328_/B1                              8.600000   12.898257   -4.298257 (VIOLATED)
_36943_/A2                              8.600000   12.898250   -4.298250 (VIOLATED)
_37186_/A2                              8.600000   12.898237   -4.298237 (VIOLATED)
_37263_/A2                              8.600000   12.898232   -4.298231 (VIOLATED)
_36682_/ZN                              8.600000   12.898165   -4.298165 (VIOLATED)
_36683_/B1                              8.600000   12.898165   -4.298165 (VIOLATED)
_36840_/A2                              8.600000   12.898165   -4.298165 (VIOLATED)
_37032_/A2                              8.600000   12.898165   -4.298165 (VIOLATED)
_36783_/ZN                              8.600000   12.795827   -4.195827 (VIOLATED)
_36785_/A2                              8.600000   12.795827   -4.195827 (VIOLATED)
_36902_/B1                              8.600000   12.795827   -4.195827 (VIOLATED)
_36950_/B1                              8.600000   12.795827   -4.195827 (VIOLATED)
_37025_/B1                              8.600000   12.795827   -4.195827 (VIOLATED)
_37068_/A2                              8.600000   12.795827   -4.195827 (VIOLATED)
_37178_/B1                              8.600000   12.795827   -4.195827 (VIOLATED)
_37263_/B1                              8.600000   12.795827   -4.195827 (VIOLATED)
_37322_/C1                              8.600000   12.795827   -4.195827 (VIOLATED)
_36809_/ZN                              8.600000   12.508827   -3.908827 (VIOLATED)
_36811_/A2                              8.600000   12.508827   -3.908827 (VIOLATED)
_36897_/B1                              8.600000   12.508827   -3.908827 (VIOLATED)
_36975_/B1                              8.600000   12.508827   -3.908827 (VIOLATED)
_37018_/B1                              8.600000   12.508827   -3.908827 (VIOLATED)
_37124_/B1                              8.600000   12.508827   -3.908827 (VIOLATED)
_37183_/B1                              8.600000   12.508827   -3.908827 (VIOLATED)
_37256_/B1                              8.600000   12.508827   -3.908827 (VIOLATED)
_37340_/B1                              8.600000   12.508827   -3.908827 (VIOLATED)
_36816_/ZN                              8.600000   12.226609   -3.626609 (VIOLATED)
_36817_/B1                              8.600000   12.226609   -3.626609 (VIOLATED)
_36889_/B1                              8.600000   12.226609   -3.626609 (VIOLATED)
_36956_/B1                              8.600000   12.226609   -3.626609 (VIOLATED)
_37017_/B1                              8.600000   12.226609   -3.626609 (VIOLATED)
_37066_/B1                              8.600000   12.226609   -3.626609 (VIOLATED)
_37165_/B1                              8.600000   12.226609   -3.626609 (VIOLATED)
_37264_/B1                              8.600000   12.226609   -3.626609 (VIOLATED)
_37334_/B1                              8.600000   12.226609   -3.626609 (VIOLATED)
_36752_/ZN                              8.600000   12.144160   -3.544160 (VIOLATED)
_36753_/B1                              8.600000   12.144160   -3.544160 (VIOLATED)
_36895_/A2                              8.600000   12.144160   -3.544160 (VIOLATED)
_36943_/B1                              8.600000   12.144160   -3.544160 (VIOLATED)
_37051_/B1                              8.600000   12.144160   -3.544160 (VIOLATED)
_37061_/A2                              8.600000   12.144160   -3.544160 (VIOLATED)
_37178_/A2                              8.600000   12.144160   -3.544160 (VIOLATED)
_37250_/A2                              8.600000   12.144160   -3.544160 (VIOLATED)
_37336_/A2                              8.600000   12.144160   -3.544160 (VIOLATED)
_36900_/A2                              8.600000   11.965858   -3.365857 (VIOLATED)
_37065_/B1                              8.600000   11.965857   -3.365856 (VIOLATED)
_37323_/A2                              8.600000   11.965858   -3.365857 (VIOLATED)
_37017_/A2                              8.600000   11.965852   -3.365852 (VIOLATED)
_36699_/A2                              8.600000   11.965837   -3.365837 (VIOLATED)
_36697_/ZN                              8.600000   11.965794   -3.365794 (VIOLATED)
_36953_/A2                              8.600000   11.965794   -3.365794 (VIOLATED)
_37174_/A2                              8.600000   11.965794   -3.365794 (VIOLATED)
_37237_/A2                              8.600000   11.965794   -3.365794 (VIOLATED)
_36806_/ZN                              8.600000   11.842985   -3.242985 (VIOLATED)
_36807_/B1                              8.600000   11.842985   -3.242985 (VIOLATED)
_36900_/B1                              8.600000   11.842985   -3.242985 (VIOLATED)
_36956_/A2                              8.600000   11.842985   -3.242985 (VIOLATED)
_37015_/B1                              8.600000   11.842985   -3.242985 (VIOLATED)
_37121_/B1                              8.600000   11.842985   -3.242985 (VIOLATED)
_37168_/B1                              8.600000   11.842985   -3.242985 (VIOLATED)
_37251_/B1                              8.600000   11.842985   -3.242985 (VIOLATED)
_37323_/B1                              8.600000   11.842985   -3.242985 (VIOLATED)
_36662_/ZN                              8.600000   11.719924   -3.119924 (VIOLATED)
_36663_/B1                              8.600000   11.719924   -3.119924 (VIOLATED)
_36905_/A2                              8.600000   11.719924   -3.119924 (VIOLATED)
_36970_/A2                              8.600000   11.719924   -3.119924 (VIOLATED)
_37049_/A2                              8.600000   11.719924   -3.119924 (VIOLATED)
_37105_/A2                              8.600000   11.719924   -3.119924 (VIOLATED)
_37169_/A2                              8.600000   11.719924   -3.119924 (VIOLATED)
_37235_/A2                              8.600000   11.719924   -3.119924 (VIOLATED)
_37281_/A2                              8.600000   11.719924   -3.119924 (VIOLATED)
_37164_/A2                              8.600000   11.607582   -3.007582 (VIOLATED)
_37328_/A2                              8.600000   11.607584   -3.007584 (VIOLATED)
_37267_/A2                              8.600000   11.607580   -3.007580 (VIOLATED)
_36980_/A2                              8.600000   11.607574   -3.007575 (VIOLATED)
_37112_/A2                              8.600000   11.607556   -3.007556 (VIOLATED)
_36649_/ZN                              8.600000   11.607511   -3.007511 (VIOLATED)
_36650_/B1                              8.600000   11.607511   -3.007511 (VIOLATED)
_36886_/A2                              8.600000   11.607511   -3.007511 (VIOLATED)
_37033_/A2                              8.600000   11.607511   -3.007511 (VIOLATED)
_36667_/ZN                              8.600000   11.399894   -2.799894 (VIOLATED)
_36669_/A2                              8.600000   11.399894   -2.799894 (VIOLATED)
_36896_/A2                              8.600000   11.399894   -2.799894 (VIOLATED)
_36973_/A2                              8.600000   11.399894   -2.799894 (VIOLATED)
_37044_/B1                              8.600000   11.399894   -2.799894 (VIOLATED)
_37108_/A2                              8.600000   11.399894   -2.799894 (VIOLATED)
_37172_/A2                              8.600000   11.399894   -2.799894 (VIOLATED)
_37238_/A2                              8.600000   11.399894   -2.799894 (VIOLATED)
_37330_/A2                              8.600000   11.399894   -2.799894 (VIOLATED)
_36762_/ZN                              8.600000   11.320593   -2.720593 (VIOLATED)
_36763_/B1                              8.600000   11.320593   -2.720593 (VIOLATED)
_36872_/B1                              8.600000   11.320593   -2.720593 (VIOLATED)
_36925_/B1                              8.600000   11.320593   -2.720593 (VIOLATED)
_36997_/B1                              8.600000   11.320593   -2.720593 (VIOLATED)
_37087_/B1                              8.600000   11.320593   -2.720593 (VIOLATED)
_37143_/B1                              8.600000   11.320593   -2.720593 (VIOLATED)
_37246_/C1                              8.600000   11.320593   -2.720593 (VIOLATED)
_37298_/B1                              8.600000   11.320593   -2.720593 (VIOLATED)
_36746_/ZN                              8.600000   11.228642   -2.628641 (VIOLATED)
_36748_/A2                              8.600000   11.228642   -2.628641 (VIOLATED)
_36873_/B1                              8.600000   11.228642   -2.628641 (VIOLATED)
_36926_/B1                              8.600000   11.228642   -2.628641 (VIOLATED)
_37005_/B1                              8.600000   11.228642   -2.628641 (VIOLATED)
_37075_/C1                              8.600000   11.228642   -2.628641 (VIOLATED)
_37147_/B1                              8.600000   11.228642   -2.628641 (VIOLATED)
_37244_/B1                              8.600000   11.228642   -2.628641 (VIOLATED)
_37277_/B1                              8.600000   11.228642   -2.628641 (VIOLATED)
_37065_/A2                              8.600000   11.219304   -2.619304 (VIOLATED)
_37170_/B1                              8.600000   11.219304   -2.619304 (VIOLATED)
_36696_/A2                              8.600000   11.219290   -2.619290 (VIOLATED)
_37310_/A2                              8.600000   11.219282   -2.619282 (VIOLATED)
_36694_/ZN                              8.600000   11.219247   -2.619247 (VIOLATED)
_36856_/A2                              8.600000   11.219247   -2.619247 (VIOLATED)
_36944_/A2                              8.600000   11.219247   -2.619247 (VIOLATED)
_37048_/A2                              8.600000   11.219247   -2.619247 (VIOLATED)
_37252_/A2                              8.600000   11.219247   -2.619247 (VIOLATED)
_36656_/ZN                              8.600000   11.155104   -2.555104 (VIOLATED)
_36657_/B1                              8.600000   11.155104   -2.555104 (VIOLATED)
_36854_/A2                              8.600000   11.155104   -2.555104 (VIOLATED)
_36941_/A2                              8.600000   11.155104   -2.555104 (VIOLATED)
_37044_/A2                              8.600000   11.155104   -2.555104 (VIOLATED)
_37091_/A2                              8.600000   11.155104   -2.555104 (VIOLATED)
_37180_/A2                              8.600000   11.155104   -2.555104 (VIOLATED)
_37266_/A2                              8.600000   11.155104   -2.555104 (VIOLATED)
_37324_/A2                              8.600000   11.155104   -2.555104 (VIOLATED)
_36685_/ZN                              8.600000   11.122543   -2.522543 (VIOLATED)
_36686_/B1                              8.600000   11.122543   -2.522543 (VIOLATED)
_36841_/B1                              8.600000   11.122543   -2.522543 (VIOLATED)
_36978_/A2                              8.600000   11.122543   -2.522543 (VIOLATED)
_37052_/A2                              8.600000   11.122543   -2.522543 (VIOLATED)
_37112_/B1                              8.600000   11.122543   -2.522543 (VIOLATED)
_37186_/B1                              8.600000   11.122543   -2.522543 (VIOLATED)
_37269_/B1                              8.600000   11.122543   -2.522543 (VIOLATED)
_37325_/B1                              8.600000   11.122543   -2.522543 (VIOLATED)
_36819_/ZN                              8.600000   11.050333   -2.450333 (VIOLATED)
_36820_/B1                              8.600000   11.050333   -2.450333 (VIOLATED)
_36855_/B1                              8.600000   11.050333   -2.450333 (VIOLATED)
_36949_/B1                              8.600000   11.050333   -2.450333 (VIOLATED)
_37034_/B1                              8.600000   11.050333   -2.450333 (VIOLATED)
_37118_/B1                              8.600000   11.050333   -2.450333 (VIOLATED)
_37173_/B1                              8.600000   11.050333   -2.450333 (VIOLATED)
_37232_/B1                              8.600000   11.050333   -2.450333 (VIOLATED)
_37308_/B1                              8.600000   11.050333   -2.450333 (VIOLATED)
_37267_/B1                              8.600000   11.035457   -2.435456 (VIOLATED)
_36668_/ZN                              8.600000   11.035420   -2.435421 (VIOLATED)
_36669_/B1                              8.600000   11.035420   -2.435421 (VIOLATED)
_36905_/B1                              8.600000   11.035420   -2.435421 (VIOLATED)
_36939_/A2                              8.600000   11.035420   -2.435421 (VIOLATED)
_37053_/A2                              8.600000   11.035420   -2.435421 (VIOLATED)
_37093_/B1                              8.600000   11.035420   -2.435421 (VIOLATED)
_37170_/A2                              8.600000   11.035420   -2.435421 (VIOLATED)
_37307_/A2                              8.600000   11.035420   -2.435421 (VIOLATED)
_36734_/ZN                              8.600000   11.023760   -2.423760 (VIOLATED)
_36735_/B1                              8.600000   11.023760   -2.423760 (VIOLATED)
_36876_/B1                              8.600000   11.023760   -2.423760 (VIOLATED)
_36933_/B1                              8.600000   11.023760   -2.423760 (VIOLATED)
_37027_/B1                              8.600000   11.023760   -2.423760 (VIOLATED)
_37062_/B1                              8.600000   11.023760   -2.423760 (VIOLATED)
_37159_/B1                              8.600000   11.023760   -2.423760 (VIOLATED)
_37223_/A2                              8.600000   11.023760   -2.423760 (VIOLATED)
_37288_/B1                              8.600000   11.023760   -2.423760 (VIOLATED)
_37114_/A2                              8.600000   10.929537   -2.329537 (VIOLATED)
_36691_/ZN                              8.600000   10.929502   -2.329503 (VIOLATED)
_36693_/A2                              8.600000   10.929502   -2.329503 (VIOLATED)
_36891_/A2                              8.600000   10.929502   -2.329503 (VIOLATED)
_36969_/A2                              8.600000   10.929502   -2.329503 (VIOLATED)
_37026_/A2                              8.600000   10.929502   -2.329503 (VIOLATED)
_37165_/A2                              8.600000   10.929502   -2.329503 (VIOLATED)
_37233_/A2                              8.600000   10.929502   -2.329503 (VIOLATED)
_37331_/A2                              8.600000   10.929502   -2.329503 (VIOLATED)
_36711_/ZN                              8.600000   10.885470   -2.285470 (VIOLATED)
_36713_/A2                              8.600000   10.885470   -2.285470 (VIOLATED)
_36860_/A2                              8.600000   10.885470   -2.285470 (VIOLATED)
_36921_/A2                              8.600000   10.885470   -2.285470 (VIOLATED)
_37009_/A2                              8.600000   10.885470   -2.285470 (VIOLATED)
_37070_/A2                              8.600000   10.885470   -2.285470 (VIOLATED)
_37174_/B1                              8.600000   10.885470   -2.285470 (VIOLATED)
_37214_/B1                              8.600000   10.885470   -2.285470 (VIOLATED)
_37278_/A2                              8.600000   10.885470   -2.285470 (VIOLATED)
_37075_/A2                              8.600000   10.821405   -2.221405 (VIOLATED)
_36871_/B1                              8.600000   10.821402   -2.221402 (VIOLATED)
_37215_/A2                              8.600000   10.821404   -2.221404 (VIOLATED)
_36718_/ZN                              8.600000   10.821364   -2.221364 (VIOLATED)
_36719_/B1                              8.600000   10.821364   -2.221364 (VIOLATED)
_36926_/A2                              8.600000   10.821364   -2.221364 (VIOLATED)
_37011_/A2                              8.600000   10.821364   -2.221364 (VIOLATED)
_37158_/A2                              8.600000   10.821364   -2.221364 (VIOLATED)
_37296_/A2                              8.600000   10.821364   -2.221364 (VIOLATED)
_34313_/A2                              8.600000   10.768682   -2.168682 (VIOLATED)
_34312_/ZN                              8.600000   10.768606   -2.168606 (VIOLATED)
_36655_/ZN                              8.600000   10.723570   -2.123570 (VIOLATED)
_36657_/A2                              8.600000   10.723570   -2.123570 (VIOLATED)
_36853_/A2                              8.600000   10.723570   -2.123570 (VIOLATED)
_36974_/A2                              8.600000   10.723570   -2.123570 (VIOLATED)
_37033_/B1                              8.600000   10.723570   -2.123570 (VIOLATED)
_37116_/A2                              8.600000   10.723570   -2.123570 (VIOLATED)
_37197_/A2                              8.600000   10.723570   -2.123570 (VIOLATED)
_37261_/A2                              8.600000   10.723570   -2.123570 (VIOLATED)
_37329_/A2                              8.600000   10.723570   -2.123570 (VIOLATED)
_36674_/ZN                              8.600000   10.700272   -2.100272 (VIOLATED)
_36676_/A2                              8.600000   10.700272   -2.100272 (VIOLATED)
_36847_/A2                              8.600000   10.700272   -2.100272 (VIOLATED)
_36948_/B1                              8.600000   10.700272   -2.100272 (VIOLATED)
_37020_/A2                              8.600000   10.700272   -2.100272 (VIOLATED)
_37092_/A2                              8.600000   10.700272   -2.100272 (VIOLATED)
_37198_/A2                              8.600000   10.700272   -2.100272 (VIOLATED)
_37269_/A2                              8.600000   10.700272   -2.100272 (VIOLATED)
_37339_/A2                              8.600000   10.700272   -2.100272 (VIOLATED)
_36770_/ZN                              8.600000   10.658914   -2.058914 (VIOLATED)
_36772_/A2                              8.600000   10.658914   -2.058914 (VIOLATED)
_36897_/A2                              8.600000   10.658914   -2.058914 (VIOLATED)
_36968_/B1                              8.600000   10.658914   -2.058914 (VIOLATED)
_37023_/B1                              8.600000   10.658914   -2.058914 (VIOLATED)
_37111_/A2                              8.600000   10.658914   -2.058914 (VIOLATED)
_37197_/B1                              8.600000   10.658914   -2.058914 (VIOLATED)
_37243_/A2                              8.600000   10.658914   -2.058914 (VIOLATED)
_37310_/B1                              8.600000   10.658914   -2.058914 (VIOLATED)
_36684_/ZN                              8.600000   10.589265   -1.989265 (VIOLATED)
_36686_/A2                              8.600000   10.589265   -1.989265 (VIOLATED)
_36892_/A2                              8.600000   10.589265   -1.989265 (VIOLATED)
_36972_/A2                              8.600000   10.589265   -1.989265 (VIOLATED)
_37015_/A2                              8.600000   10.589265   -1.989265 (VIOLATED)
_37116_/B1                              8.600000   10.589265   -1.989265 (VIOLATED)
_37172_/B1                              8.600000   10.589265   -1.989265 (VIOLATED)
_37259_/A2                              8.600000   10.589265   -1.989265 (VIOLATED)
_37326_/A2                              8.600000   10.589265   -1.989265 (VIOLATED)
_49402_/B1                              8.600000   10.581333   -1.981333 (VIOLATED)
_49407_/B1                              8.600000   10.581331   -1.981332 (VIOLATED)
_49416_/B1                              8.600000   10.581328   -1.981328 (VIOLATED)
_49451_/B1                              8.600000   10.581322   -1.981322 (VIOLATED)
_49426_/B1                              8.600000   10.581295   -1.981295 (VIOLATED)
_49442_/B1                              8.600000   10.581284   -1.981284 (VIOLATED)
_49393_/B1                              8.600000   10.581259   -1.981259 (VIOLATED)
_49431_/B1                              8.600000   10.581227   -1.981227 (VIOLATED)
_49385_/B1                              8.600000   10.581203   -1.981204 (VIOLATED)
_49464_/B1                              8.600000   10.581160   -1.981159 (VIOLATED)
_49375_/B1                              8.600000   10.581157   -1.981157 (VIOLATED)
_49380_/B1                              8.600000   10.581108   -1.981108 (VIOLATED)
_49326_/ZN                              8.600000   10.580899   -1.980899 (VIOLATED)
_49329_/B1                              8.600000   10.580899   -1.980899 (VIOLATED)
_49334_/B1                              8.600000   10.580899   -1.980899 (VIOLATED)
_49337_/B1                              8.600000   10.580899   -1.980899 (VIOLATED)
_49346_/B1                              8.600000   10.580899   -1.980899 (VIOLATED)
_49354_/B1                              8.600000   10.580899   -1.980899 (VIOLATED)
_49359_/B1                              8.600000   10.580899   -1.980899 (VIOLATED)
_49365_/B1                              8.600000   10.580899   -1.980899 (VIOLATED)
_36692_/ZN                              8.600000   10.484053   -1.884053 (VIOLATED)
_36693_/B1                              8.600000   10.484053   -1.884053 (VIOLATED)
_36894_/A2                              8.600000   10.484053   -1.884053 (VIOLATED)
_36974_/B1                              8.600000   10.484053   -1.884053 (VIOLATED)
_37034_/A2                              8.600000   10.484053   -1.884053 (VIOLATED)
_37066_/A2                              8.600000   10.484053   -1.884053 (VIOLATED)
_37184_/A2                              8.600000   10.484053   -1.884053 (VIOLATED)
_37256_/A2                              8.600000   10.484053   -1.884053 (VIOLATED)
_37341_/A2                              8.600000   10.484053   -1.884053 (VIOLATED)
_50633_/A2                              8.600000   10.480733   -1.880733 (VIOLATED)
_50644_/A2                              8.600000   10.480733   -1.880733 (VIOLATED)
_50676_/A2                              8.600000   10.480704   -1.880705 (VIOLATED)
_50685_/A2                              8.600000   10.480681   -1.880681 (VIOLATED)
_50663_/B1                              8.600000   10.480677   -1.880676 (VIOLATED)
_50689_/B1                              8.600000   10.480676   -1.880675 (VIOLATED)
_50575_/ZN                              8.600000   10.480639   -1.880640 (VIOLATED)
_50576_/B1                              8.600000   10.480639   -1.880640 (VIOLATED)
_50667_/B1                              8.600000   10.480639   -1.880640 (VIOLATED)
_50697_/B1                              8.600000   10.480639   -1.880640 (VIOLATED)
_36730_/ZN                              8.600000   10.475672   -1.875672 (VIOLATED)
_36732_/A2                              8.600000   10.475672   -1.875672 (VIOLATED)
_36884_/B1                              8.600000   10.475672   -1.875672 (VIOLATED)
_36925_/A2                              8.600000   10.475672   -1.875672 (VIOLATED)
_36998_/A2                              8.600000   10.475672   -1.875672 (VIOLATED)
_37075_/B1                              8.600000   10.475672   -1.875672 (VIOLATED)
_37152_/A2                              8.600000   10.475672   -1.875672 (VIOLATED)
_37217_/B1                              8.600000   10.475672   -1.875672 (VIOLATED)
_37304_/A2                              8.600000   10.475672   -1.875672 (VIOLATED)
_36764_/ZN                              8.600000   10.381003   -1.781003 (VIOLATED)
_36767_/A2                              8.600000   10.381003   -1.781003 (VIOLATED)
_36899_/B1                              8.600000   10.381003   -1.781003 (VIOLATED)
_36930_/A2                              8.600000   10.381003   -1.781003 (VIOLATED)
_37032_/B1                              8.600000   10.381003   -1.781003 (VIOLATED)
_37067_/B1                              8.600000   10.381003   -1.781003 (VIOLATED)
_37175_/B1                              8.600000   10.381003   -1.781003 (VIOLATED)
_37240_/B1                              8.600000   10.381003   -1.781003 (VIOLATED)
_37335_/A2                              8.600000   10.381003   -1.781003 (VIOLATED)
_36743_/ZN                              8.600000   10.360877   -1.760877 (VIOLATED)
_36745_/A2                              8.600000   10.360877   -1.760877 (VIOLATED)
_36872_/A2                              8.600000   10.360877   -1.760877 (VIOLATED)
_36920_/B1                              8.600000   10.360877   -1.760877 (VIOLATED)
_37011_/B1                              8.600000   10.360877   -1.760877 (VIOLATED)
_37070_/B1                              8.600000   10.360877   -1.760877 (VIOLATED)
_37151_/B1                              8.600000   10.360877   -1.760877 (VIOLATED)
_37215_/B1                              8.600000   10.360877   -1.760877 (VIOLATED)
_37279_/A2                              8.600000   10.360877   -1.760877 (VIOLATED)
_36666_/A2                              8.600000   10.351105   -1.751105 (VIOLATED)
_36980_/B1                              8.600000   10.351104   -1.751103 (VIOLATED)
_37051_/A2                              8.600000   10.351103   -1.751102 (VIOLATED)
_37322_/A2                              8.600000   10.351101   -1.751101 (VIOLATED)
_37257_/A2                              8.600000   10.351084   -1.751084 (VIOLATED)
_36664_/ZN                              8.600000   10.351052   -1.751053 (VIOLATED)
_36904_/A2                              8.600000   10.351052   -1.751053 (VIOLATED)
_37107_/A2                              8.600000   10.351052   -1.751053 (VIOLATED)
_37195_/A2                              8.600000   10.351052   -1.751053 (VIOLATED)
_36714_/ZN                              8.600000   10.349774   -1.749775 (VIOLATED)
_36716_/A2                              8.600000   10.349774   -1.749775 (VIOLATED)
_36874_/B1                              8.600000   10.349774   -1.749775 (VIOLATED)
_36915_/A2                              8.600000   10.349774   -1.749775 (VIOLATED)
_36996_/A2                              8.600000   10.349774   -1.749775 (VIOLATED)
_37072_/A2                              8.600000   10.349774   -1.749775 (VIOLATED)
_37141_/A2                              8.600000   10.349774   -1.749775 (VIOLATED)
_37216_/A2                              8.600000   10.349774   -1.749775 (VIOLATED)
_37299_/A2                              8.600000   10.349774   -1.749775 (VIOLATED)
_36786_/ZN                              8.600000   10.210452   -1.610452 (VIOLATED)
_36788_/A2                              8.600000   10.210452   -1.610452 (VIOLATED)
_36907_/B1                              8.600000   10.210452   -1.610452 (VIOLATED)
_36951_/A2                              8.600000   10.210452   -1.610452 (VIOLATED)
_37039_/B1                              8.600000   10.210452   -1.610452 (VIOLATED)
_37094_/A2                              8.600000   10.210452   -1.610452 (VIOLATED)
_37168_/A2                              8.600000   10.210452   -1.610452 (VIOLATED)
_37243_/B1                              8.600000   10.210452   -1.610452 (VIOLATED)
_37279_/B1                              8.600000   10.210452   -1.610452 (VIOLATED)
_36747_/ZN                              8.600000    9.965111   -1.365111 (VIOLATED)
_36748_/B1                              8.600000    9.965111   -1.365111 (VIOLATED)
_36878_/B1                              8.600000    9.965111   -1.365111 (VIOLATED)
_36927_/B1                              8.600000    9.965111   -1.365111 (VIOLATED)
_37007_/B1                              8.600000    9.965111   -1.365111 (VIOLATED)
_37086_/B1                              8.600000    9.965111   -1.365111 (VIOLATED)
_37142_/B1                              8.600000    9.965111   -1.365111 (VIOLATED)
_37216_/B1                              8.600000    9.965111   -1.365111 (VIOLATED)
_37296_/B1                              8.600000    9.965111   -1.365111 (VIOLATED)
_58407_/I0                              8.600000    9.914422   -1.314422 (VIOLATED)
_58455_/I0                              8.600000    9.914420   -1.314420 (VIOLATED)
_58424_/I0                              8.600000    9.914285   -1.314285 (VIOLATED)
_58489_/A4                              8.600000    9.914167   -1.314167 (VIOLATED)
_58506_/A4                              8.600000    9.914155   -1.314155 (VIOLATED)
_58521_/A4                              8.600000    9.914088   -1.314088 (VIOLATED)
_58441_/I0                              8.600000    9.914063   -1.314064 (VIOLATED)
_58472_/A4                              8.600000    9.913957   -1.313957 (VIOLATED)
_58372_/A2                              8.600000    9.913814   -1.313814 (VIOLATED)
_58371_/A2                              8.600000    9.913799   -1.313799 (VIOLATED)
_58383_/A2                              8.600000    9.913393   -1.313393 (VIOLATED)
_58393_/A2                              8.600000    9.913244   -1.313244 (VIOLATED)
_58368_/ZN                              8.600000    9.913204   -1.313204 (VIOLATED)
_36940_/B1                              8.600000    9.892282   -1.292282 (VIOLATED)
_37105_/C2                              8.600000    9.892281   -1.292281 (VIOLATED)
_36818_/ZN                              8.600000    9.892250   -1.292250 (VIOLATED)
_36820_/A2                              8.600000    9.892250   -1.292250 (VIOLATED)
_36894_/B1                              8.600000    9.892250   -1.292250 (VIOLATED)
_37042_/B1                              8.600000    9.892250   -1.292250 (VIOLATED)
_37196_/B1                              8.600000    9.892250   -1.292250 (VIOLATED)
_37239_/B1                              8.600000    9.892250   -1.292250 (VIOLATED)
_37339_/B1                              8.600000    9.892250   -1.292250 (VIOLATED)
_36712_/ZN                              8.600000    9.881254   -1.281254 (VIOLATED)
_36713_/B1                              8.600000    9.881254   -1.281254 (VIOLATED)
_36884_/A2                              8.600000    9.881254   -1.281254 (VIOLATED)
_36922_/A2                              8.600000    9.881254   -1.281254 (VIOLATED)
_37028_/A2                              8.600000    9.881254   -1.281254 (VIOLATED)
_37062_/A2                              8.600000    9.881254   -1.281254 (VIOLATED)
_37156_/A2                              8.600000    9.881254   -1.281254 (VIOLATED)
_37221_/A2                              8.600000    9.881254   -1.281254 (VIOLATED)
_37292_/A2                              8.600000    9.881254   -1.281254 (VIOLATED)
_51280_/B1                              8.600000    9.871403   -1.271403 (VIOLATED)
_51311_/B                               8.600000    9.871403   -1.271403 (VIOLATED)
_51147_/ZN                              8.600000    9.871371   -1.271371 (VIOLATED)
_51148_/A2                              8.600000    9.871371   -1.271371 (VIOLATED)
_51151_/B2                              8.600000    9.871371   -1.271371 (VIOLATED)
_51159_/B1                              8.600000    9.871371   -1.271371 (VIOLATED)
_51173_/B1                              8.600000    9.871371   -1.271371 (VIOLATED)
_51181_/A2                              8.600000    9.871371   -1.271371 (VIOLATED)
_51228_/A2                              8.600000    9.871371   -1.271371 (VIOLATED)
_37121_/A2                              8.600000    9.867909   -1.267909 (VIOLATED)
_37242_/A2                              8.600000    9.867909   -1.267909 (VIOLATED)
_37322_/B1                              8.600000    9.867910   -1.267910 (VIOLATED)
_36939_/B1                              8.600000    9.867907   -1.267907 (VIOLATED)
_37016_/A2                              8.600000    9.867892   -1.267892 (VIOLATED)
_36672_/A2                              8.600000    9.867888   -1.267888 (VIOLATED)
_36670_/ZN                              8.600000    9.867856   -1.267856 (VIOLATED)
_36841_/A2                              8.600000    9.867856   -1.267856 (VIOLATED)
_37175_/A2                              8.600000    9.867856   -1.267856 (VIOLATED)
_36812_/ZN                              8.600000    9.792629   -1.192629 (VIOLATED)
_36814_/A2                              8.600000    9.792629   -1.192629 (VIOLATED)
_36890_/B1                              8.600000    9.792629   -1.192629 (VIOLATED)
_36945_/B1                              8.600000    9.792629   -1.192629 (VIOLATED)
_37038_/B1                              8.600000    9.792629   -1.192629 (VIOLATED)
_37113_/B1                              8.600000    9.792629   -1.192629 (VIOLATED)
_37185_/B1                              8.600000    9.792629   -1.192629 (VIOLATED)
_37268_/B1                              8.600000    9.792629   -1.192629 (VIOLATED)
_37276_/B1                              8.600000    9.792629   -1.192629 (VIOLATED)
_36671_/ZN                              8.600000    9.786363   -1.186362 (VIOLATED)
_36672_/B1                              8.600000    9.786363   -1.186362 (VIOLATED)
_36907_/A2                              8.600000    9.786363   -1.186362 (VIOLATED)
_36948_/A2                              8.600000    9.786363   -1.186362 (VIOLATED)
_37038_/A2                              8.600000    9.786363   -1.186362 (VIOLATED)
_37106_/A2                              8.600000    9.786363   -1.186362 (VIOLATED)
_37180_/B1                              8.600000    9.786363   -1.186362 (VIOLATED)
_37264_/A2                              8.600000    9.786363   -1.186362 (VIOLATED)
_37283_/A2                              8.600000    9.786363   -1.186362 (VIOLATED)
_48235_/ZN                              8.600000    9.766599   -1.166598 (VIOLATED)
_48277_/A2                              8.600000    9.766599   -1.166598 (VIOLATED)
_48477_/A2                              8.600000    9.766599   -1.166598 (VIOLATED)
_48658_/A2                              8.600000    9.766599   -1.166598 (VIOLATED)
_48702_/A2                              8.600000    9.766599   -1.166598 (VIOLATED)
_48803_/A2                              8.600000    9.766599   -1.166598 (VIOLATED)
_48857_/A2                              8.600000    9.766599   -1.166598 (VIOLATED)
_48872_/A2                              8.600000    9.766599   -1.166598 (VIOLATED)
_48911_/A2                              8.600000    9.766599   -1.166598 (VIOLATED)
_34318_/A1                              8.600000    9.761686   -1.161686 (VIOLATED)
_34319_/A1                              8.600000    9.761685   -1.161685 (VIOLATED)
_34317_/ZN                              8.600000    9.761654   -1.161654 (VIOLATED)
_37085_/A2                              8.600000    9.647111   -1.047111 (VIOLATED)
_37146_/B1                              8.600000    9.647109   -1.047109 (VIOLATED)
_37226_/A2                              8.600000    9.647110   -1.047110 (VIOLATED)
_36704_/ZN                              8.600000    9.647077   -1.047076 (VIOLATED)
_36705_/B1                              8.600000    9.647077   -1.047076 (VIOLATED)
_36867_/A2                              8.600000    9.647077   -1.047076 (VIOLATED)
_36912_/A2                              8.600000    9.647077   -1.047076 (VIOLATED)
_37004_/B1                              8.600000    9.647077   -1.047076 (VIOLATED)
_37298_/A2                              8.600000    9.647077   -1.047076 (VIOLATED)
_44751_/I0                              8.600000    9.609462   -1.009462 (VIOLATED)
_44737_/A1                              8.600000    9.609459   -1.009459 (VIOLATED)
_53725_/A1                              8.600000    9.609447   -1.009448 (VIOLATED)
_44793_/I0                              8.600000    9.609445   -1.009444 (VIOLATED)
_44760_/I0                              8.600000    9.609432   -1.009433 (VIOLATED)
_44768_/I1                              8.600000    9.609422   -1.009422 (VIOLATED)
_44726_/I0                              8.600000    9.609400   -1.009400 (VIOLATED)
_44825_/I0                              8.600000    9.609316   -1.009316 (VIOLATED)
_44777_/I1                              8.600000    9.609307   -1.009307 (VIOLATED)
_44854_/A1                              8.600000    9.609264   -1.009265 (VIOLATED)
_44812_/A1                              8.600000    9.609200   -1.009201 (VIOLATED)
_44843_/I1                              8.600000    9.609101   -1.009101 (VIOLATED)
_44816_/I0                              8.600000    9.609073   -1.009073 (VIOLATED)
_44835_/I0                              8.600000    9.609047   -1.009047 (VIOLATED)
_44701_/I0                              8.600000    9.609001   -1.009001 (VIOLATED)
_44955_/I1                              8.600000    9.608996   -1.008996 (VIOLATED)
_44919_/I1                              8.600000    9.608994   -1.008994 (VIOLATED)
_44973_/I1                              8.600000    9.608992   -1.008992 (VIOLATED)
_44937_/I1                              8.600000    9.608982   -1.008982 (VIOLATED)
_44991_/I1                              8.600000    9.608983   -1.008983 (VIOLATED)
_44901_/I1                              8.600000    9.608979   -1.008980 (VIOLATED)
_44946_/I1                              8.600000    9.608976   -1.008976 (VIOLATED)
_44982_/I1                              8.600000    9.608970   -1.008970 (VIOLATED)
_44800_/I0                              8.600000    9.608960   -1.008960 (VIOLATED)
_44892_/I1                              8.600000    9.608920   -1.008920 (VIOLATED)
_44864_/I0                              8.600000    9.608865   -1.008865 (VIOLATED)
_44910_/I1                              8.600000    9.608848   -1.008847 (VIOLATED)
_44883_/I1                              8.600000    9.608824   -1.008824 (VIOLATED)
_44874_/I0                              8.600000    9.608784   -1.008783 (VIOLATED)
_45000_/I1                              8.600000    9.608745   -1.008744 (VIOLATED)
_44964_/I1                              8.600000    9.608722   -1.008722 (VIOLATED)
_44928_/I1                              8.600000    9.608693   -1.008693 (VIOLATED)
_44712_/I0                              8.600000    9.608035   -1.008035 (VIOLATED)
_53373_/I1                              8.600000    9.607747   -1.007747 (VIOLATED)
_63236_/Q                               8.600000    9.607747   -1.007747 (VIOLATED)
_36792_/ZN                              8.600000    9.533963   -0.933963 (VIOLATED)
_36794_/A2                              8.600000    9.533963   -0.933963 (VIOLATED)
_36901_/B1                              8.600000    9.533963   -0.933963 (VIOLATED)
_36951_/B1                              8.600000    9.533963   -0.933963 (VIOLATED)
_37029_/B1                              8.600000    9.533963   -0.933963 (VIOLATED)
_37068_/B1                              8.600000    9.533963   -0.933963 (VIOLATED)
_37177_/A2                              8.600000    9.533963   -0.933963 (VIOLATED)
_37233_/B1                              8.600000    9.533963   -0.933963 (VIOLATED)
_37336_/B1                              8.600000    9.533963   -0.933963 (VIOLATED)
_36805_/ZN                              8.600000    9.494482   -0.894482 (VIOLATED)
_36807_/A2                              8.600000    9.494482   -0.894482 (VIOLATED)
_36882_/B1                              8.600000    9.494482   -0.894482 (VIOLATED)
_36945_/A2                              8.600000    9.494482   -0.894482 (VIOLATED)
_37022_/B1                              8.600000    9.494482   -0.894482 (VIOLATED)
_37092_/B1                              8.600000    9.494482   -0.894482 (VIOLATED)
_37163_/B1                              8.600000    9.494482   -0.894482 (VIOLATED)
_37262_/B1                              8.600000    9.494482   -0.894482 (VIOLATED)
_37333_/B1                              8.600000    9.494482   -0.894482 (VIOLATED)
_36800_/ZN                              8.600000    9.488957   -0.888957 (VIOLATED)
_36801_/B1                              8.600000    9.488957   -0.888957 (VIOLATED)
_36886_/B1                              8.600000    9.488957   -0.888957 (VIOLATED)
_36954_/A2                              8.600000    9.488957   -0.888957 (VIOLATED)
_37047_/B1                              8.600000    9.488957   -0.888957 (VIOLATED)
_37107_/B1                              8.600000    9.488957   -0.888957 (VIOLATED)
_37179_/B1                              8.600000    9.488957   -0.888957 (VIOLATED)
_37252_/B1                              8.600000    9.488957   -0.888957 (VIOLATED)
_37324_/B1                              8.600000    9.488957   -0.888957 (VIOLATED)
_48599_/A2                              8.600000    9.480272   -0.880272 (VIOLATED)
_48756_/A2                              8.600000    9.480272   -0.880272 (VIOLATED)
_48769_/A2                              8.600000    9.480260   -0.880259 (VIOLATED)
_48521_/A3                              8.600000    9.480187   -0.880188 (VIOLATED)
_48538_/A3                              8.600000    9.480145   -0.880146 (VIOLATED)
_48497_/A2                              8.600000    9.480120   -0.880120 (VIOLATED)
_48265_/A2                              8.600000    9.479951   -0.879951 (VIOLATED)
_48391_/A2                              8.600000    9.479921   -0.879921 (VIOLATED)
_48286_/A2                              8.600000    9.479920   -0.879920 (VIOLATED)
_48239_/ZN                              8.600000    9.479832   -0.879831 (VIOLATED)
_48839_/A2                              8.600000    9.479832   -0.879831 (VIOLATED)
_48897_/A3                              8.600000    9.479832   -0.879831 (VIOLATED)
_48936_/A3                              8.600000    9.479832   -0.879831 (VIOLATED)
_48953_/A3                              8.600000    9.479832   -0.879831 (VIOLATED)
_49299_/A1                              8.600000    9.479832   -0.879831 (VIOLATED)
_50261_/A3                              8.600000    9.466177   -0.866176 (VIOLATED)
_50244_/A3                              8.600000    9.466174   -0.866174 (VIOLATED)
_50221_/A3                              8.600000    9.466172   -0.866172 (VIOLATED)
_50230_/A3                              8.600000    9.466171   -0.866171 (VIOLATED)
_50193_/A3                              8.600000    9.466133   -0.866133 (VIOLATED)
_50213_/A3                              8.600000    9.466112   -0.866112 (VIOLATED)
_50217_/A3                              8.600000    9.466098   -0.866097 (VIOLATED)
_50252_/A3                              8.600000    9.466072   -0.866072 (VIOLATED)
_50205_/A3                              8.600000    9.466048   -0.866048 (VIOLATED)
_50209_/A3                              8.600000    9.465999   -0.865999 (VIOLATED)
_50197_/A3                              8.600000    9.465976   -0.865976 (VIOLATED)
_50201_/A3                              8.600000    9.465976   -0.865976 (VIOLATED)
_50155_/ZN                              8.600000    9.465879   -0.865879 (VIOLATED)
_50157_/A3                              8.600000    9.465879   -0.865879 (VIOLATED)
_50161_/A3                              8.600000    9.465879   -0.865879 (VIOLATED)
_50165_/A3                              8.600000    9.465879   -0.865879 (VIOLATED)
_50168_/A3                              8.600000    9.465879   -0.865879 (VIOLATED)
_50169_/A2                              8.600000    9.465879   -0.865879 (VIOLATED)
_50177_/A2                              8.600000    9.465879   -0.865879 (VIOLATED)
_51353_/A1                              8.600000    9.457849   -0.857848 (VIOLATED)
_51395_/A1                              8.600000    9.457845   -0.857844 (VIOLATED)
_51387_/A1                              8.600000    9.457840   -0.857840 (VIOLATED)
_50846_/A1                              8.600000    9.457833   -0.857833 (VIOLATED)
_50845_/A3                              8.600000    9.457828   -0.857828 (VIOLATED)
_49748_/A3                              8.600000    9.457730   -0.857730 (VIOLATED)
_49473_/A3                              8.600000    9.457706   -0.857707 (VIOLATED)
_51077_/A3                              8.600000    9.457688   -0.857688 (VIOLATED)
_51078_/A1                              8.600000    9.457688   -0.857688 (VIOLATED)
_51069_/A3                              8.600000    9.457685   -0.857686 (VIOLATED)
_51070_/A1                              8.600000    9.457685   -0.857685 (VIOLATED)
_51307_/A1                              8.600000    9.457679   -0.857678 (VIOLATED)
_48437_/A3                              8.600000    9.457672   -0.857672 (VIOLATED)
_34804_/A2                              8.600000    9.457643   -0.857643 (VIOLATED)
_51251_/A1                              8.600000    9.457643   -0.857643 (VIOLATED)
_50155_/A1                              8.600000    9.457632   -0.857632 (VIOLATED)
_50156_/A1                              8.600000    9.457631   -0.857631 (VIOLATED)
_34755_/A3                              8.600000    9.457617   -0.857617 (VIOLATED)
_52163_/A2                              8.600000    9.457589   -0.857589 (VIOLATED)
_49561_/A3                              8.600000    9.457585   -0.857585 (VIOLATED)
_34756_/A3                              8.600000    9.457570   -0.857570 (VIOLATED)
_49765_/A3                              8.600000    9.457558   -0.857558 (VIOLATED)
_49530_/A3                              8.600000    9.457523   -0.857523 (VIOLATED)
_50292_/A3                              8.600000    9.457523   -0.857523 (VIOLATED)
_52171_/I0                              8.600000    9.457523   -0.857523 (VIOLATED)
_52353_/B2                              8.600000    9.457523   -0.857523 (VIOLATED)
_52974_/A2                              8.600000    9.457523   -0.857523 (VIOLATED)
_63121_/Q                               8.600000    9.457523   -0.857523 (VIOLATED)
_37444_/ZN                              8.600000    9.445575   -0.845574 (VIOLATED)
_37477_/B2                              8.600000    9.445575   -0.845574 (VIOLATED)
_41933_/A4                              8.600000    9.445575   -0.845574 (VIOLATED)
_41967_/B1                              8.600000    9.445575   -0.845574 (VIOLATED)
_41978_/B1                              8.600000    9.445575   -0.845574 (VIOLATED)
_42001_/A2                              8.600000    9.445575   -0.845574 (VIOLATED)
_42012_/C1                              8.600000    9.445575   -0.845574 (VIOLATED)
_42036_/A2                              8.600000    9.445575   -0.845574 (VIOLATED)
_42043_/B1                              8.600000    9.445575   -0.845574 (VIOLATED)
_42062_/A2                              8.600000    9.445575   -0.845574 (VIOLATED)
_42067_/A2                              8.600000    9.445575   -0.845574 (VIOLATED)
_36740_/ZN                              8.600000    9.435531   -0.835531 (VIOLATED)
_36742_/A2                              8.600000    9.435531   -0.835531 (VIOLATED)
_36863_/B1                              8.600000    9.435531   -0.835531 (VIOLATED)
_36917_/A2                              8.600000    9.435531   -0.835531 (VIOLATED)
_37029_/A2                              8.600000    9.435531   -0.835531 (VIOLATED)
_37079_/A2                              8.600000    9.435531   -0.835531 (VIOLATED)
_37143_/A2                              8.600000    9.435531   -0.835531 (VIOLATED)
_37225_/B1                              8.600000    9.435531   -0.835531 (VIOLATED)
_37291_/A2                              8.600000    9.435531   -0.835531 (VIOLATED)
_36724_/ZN                              8.600000    9.419013   -0.819013 (VIOLATED)
_36726_/A2                              8.600000    9.419013   -0.819013 (VIOLATED)
_36863_/A2                              8.600000    9.419013   -0.819013 (VIOLATED)
_36933_/A2                              8.600000    9.419013   -0.819013 (VIOLATED)
_37006_/A2                              8.600000    9.419013   -0.819013 (VIOLATED)
_37081_/A2                              8.600000    9.419013   -0.819013 (VIOLATED)
_37156_/B1                              8.600000    9.419013   -0.819013 (VIOLATED)
_37220_/A2                              8.600000    9.419013   -0.819013 (VIOLATED)
_37294_/B1                              8.600000    9.419013   -0.819013 (VIOLATED)
_36741_/ZN                              8.600000    9.401676   -0.801676 (VIOLATED)
_36742_/B1                              8.600000    9.401676   -0.801676 (VIOLATED)
_36864_/A2                              8.600000    9.401676   -0.801676 (VIOLATED)
_36920_/A2                              8.600000    9.401676   -0.801676 (VIOLATED)
_36999_/B1                              8.600000    9.401676   -0.801676 (VIOLATED)
_37086_/A2                              8.600000    9.401676   -0.801676 (VIOLATED)
_37157_/A2                              8.600000    9.401676   -0.801676 (VIOLATED)
_37227_/A2                              8.600000    9.401676   -0.801676 (VIOLATED)
_37297_/A2                              8.600000    9.401676   -0.801676 (VIOLATED)
_37185_/A2                              8.600000    9.384713   -0.784713 (VIOLATED)
_37276_/A2                              8.600000    9.384713   -0.784713 (VIOLATED)
_36690_/A2                              8.600000    9.384712   -0.784712 (VIOLATED)
_37105_/B1                              8.600000    9.384708   -0.784708 (VIOLATED)
_36688_/ZN                              8.600000    9.384680   -0.784680 (VIOLATED)
_36847_/B1                              8.600000    9.384680   -0.784680 (VIOLATED)
_36970_/B1                              8.600000    9.384680   -0.784680 (VIOLATED)
_37039_/A2                              8.600000    9.384680   -0.784680 (VIOLATED)
_37255_/A2                              8.600000    9.384680   -0.784680 (VIOLATED)
_45080_/A4                              8.600000    9.375416   -0.775416 (VIOLATED)
_45079_/A4                              8.600000    9.375414   -0.775414 (VIOLATED)
_45075_/A2                              8.600000    9.375413   -0.775413 (VIOLATED)
_45076_/A2                              8.600000    9.375411   -0.775411 (VIOLATED)
_45074_/ZN                              8.600000    9.375187   -0.775187 (VIOLATED)
_36729_/A2                              8.600000    9.345151   -0.745151 (VIOLATED)
_37288_/A2                              8.600000    9.345151   -0.745151 (VIOLATED)
_37027_/A2                              8.600000    9.345149   -0.745149 (VIOLATED)
_37144_/A2                              8.600000    9.345146   -0.745146 (VIOLATED)
_37081_/B1                              8.600000    9.345139   -0.745138 (VIOLATED)
_36727_/ZN                              8.600000    9.345109   -0.745109 (VIOLATED)
_36879_/A2                              8.600000    9.345109   -0.745109 (VIOLATED)
_36935_/A2                              8.600000    9.345109   -0.745109 (VIOLATED)
_37222_/A2                              8.600000    9.345109   -0.745109 (VIOLATED)
_36849_/B1                              8.600000    9.282588   -0.682588 (VIOLATED)
_37275_/B1                              8.600000    9.282587   -0.682587 (VIOLATED)
_36938_/B1                              8.600000    9.282584   -0.682584 (VIOLATED)
_36848_/ZN                              8.600000    9.282547   -0.682546 (VIOLATED)
_37020_/B1                              8.600000    9.282547   -0.682546 (VIOLATED)
_37094_/B1                              8.600000    9.282547   -0.682546 (VIOLATED)
_37198_/B1                              8.600000    9.282547   -0.682546 (VIOLATED)
_37242_/B1                              8.600000    9.282547   -0.682546 (VIOLATED)
_36717_/ZN                              8.600000    9.222572   -0.622572 (VIOLATED)
_36719_/A2                              8.600000    9.222572   -0.622572 (VIOLATED)
_36883_/A2                              8.600000    9.222572   -0.622572 (VIOLATED)
_36927_/A2                              8.600000    9.222572   -0.622572 (VIOLATED)
_37012_/B1                              8.600000    9.222572   -0.622572 (VIOLATED)
_37076_/A2                              8.600000    9.222572   -0.622572 (VIOLATED)
_37147_/A2                              8.600000    9.222572   -0.622572 (VIOLATED)
_37245_/A2                              8.600000    9.222572   -0.622572 (VIOLATED)
_37294_/A2                              8.600000    9.222572   -0.622572 (VIOLATED)
_36758_/ZN                              8.600000    9.218246   -0.618247 (VIOLATED)
_36760_/A2                              8.600000    9.218246   -0.618247 (VIOLATED)
_36869_/B1                              8.600000    9.218246   -0.618247 (VIOLATED)
_36923_/A2                              8.600000    9.218246   -0.618247 (VIOLATED)
_37006_/B1                              8.600000    9.218246   -0.618247 (VIOLATED)
_37079_/B1                              8.600000    9.218246   -0.618247 (VIOLATED)
_37148_/B1                              8.600000    9.218246   -0.618247 (VIOLATED)
_37227_/B1                              8.600000    9.218246   -0.618247 (VIOLATED)
_29602_/I                               8.600000    9.157988   -0.557987 (VIOLATED)
_34165_/B                               8.600000    9.157982   -0.557982 (VIOLATED)
_45612_/A3                              8.600000    9.157979   -0.557979 (VIOLATED)
_34754_/C                               8.600000    9.157869   -0.557869 (VIOLATED)
_34150_/A1                              8.600000    9.157812   -0.557812 (VIOLATED)
_34748_/A3                              8.600000    9.157805   -0.557805 (VIOLATED)
_47418_/A1                              8.600000    9.157333   -0.557333 (VIOLATED)
_45156_/B                               8.600000    9.157282   -0.557282 (VIOLATED)
_30375_/A3                              8.600000    9.157267   -0.557266 (VIOLATED)
_30376_/A4                              8.600000    9.157267   -0.557266 (VIOLATED)
_37353_/A2                              8.600000    9.157267   -0.557266 (VIOLATED)
_37354_/A3                              8.600000    9.157256   -0.557256 (VIOLATED)
_37363_/A2                              8.600000    9.157252   -0.557252 (VIOLATED)
_42476_/C                               8.600000    9.157252   -0.557252 (VIOLATED)
_42479_/A2                              8.600000    9.157247   -0.557247 (VIOLATED)
_63282_/D                               8.600000    9.157247   -0.557247 (VIOLATED)
_41899_/A3                              8.600000    9.157216   -0.557216 (VIOLATED)
_42144_/B2                              8.600000    9.157216   -0.557216 (VIOLATED)
_42152_/A3                              8.600000    9.157216   -0.557216 (VIOLATED)
_53728_/A1                              8.600000    9.157216   -0.557216 (VIOLATED)
_63301_/Q                               8.600000    9.157216   -0.557216 (VIOLATED)
_36721_/ZN                              8.600000    9.146470   -0.546470 (VIOLATED)
_36722_/B1                              8.600000    9.146470   -0.546470 (VIOLATED)
_36873_/A2                              8.600000    9.146470   -0.546470 (VIOLATED)
_36915_/B1                              8.600000    9.146470   -0.546470 (VIOLATED)
_37007_/A2                              8.600000    9.146470   -0.546470 (VIOLATED)
_37076_/B1                              8.600000    9.146470   -0.546470 (VIOLATED)
_37153_/A2                              8.600000    9.146470   -0.546470 (VIOLATED)
_37228_/A2                              8.600000    9.146470   -0.546470 (VIOLATED)
_37278_/B1                              8.600000    9.146470   -0.546470 (VIOLATED)
_37507_/ZN                              8.600000    9.123411   -0.523412 (VIOLATED)
_37508_/B1                              8.600000    9.123411   -0.523412 (VIOLATED)
_41929_/A4                              8.600000    9.123411   -0.523412 (VIOLATED)
_41968_/B1                              8.600000    9.123411   -0.523412 (VIOLATED)
_41977_/B1                              8.600000    9.123411   -0.523412 (VIOLATED)
_42001_/B1                              8.600000    9.123411   -0.523412 (VIOLATED)
_42011_/B1                              8.600000    9.123411   -0.523412 (VIOLATED)
_42036_/B1                              8.600000    9.123411   -0.523412 (VIOLATED)
_42044_/B1                              8.600000    9.123411   -0.523412 (VIOLATED)
_42060_/B1                              8.600000    9.123411   -0.523412 (VIOLATED)
_42067_/B1                              8.600000    9.123411   -0.523412 (VIOLATED)
_36784_/ZN                              8.600000    9.118923   -0.518924 (VIOLATED)
_36785_/B1                              8.600000    9.118923   -0.518924 (VIOLATED)
_36856_/B1                              8.600000    9.118923   -0.518924 (VIOLATED)
_36944_/B1                              8.600000    9.118923   -0.518924 (VIOLATED)
_37053_/B1                              8.600000    9.118923   -0.518924 (VIOLATED)
_37060_/B1                              8.600000    9.118923   -0.518924 (VIOLATED)
_37192_/B1                              8.600000    9.118923   -0.518924 (VIOLATED)
_37249_/B1                              8.600000    9.118923   -0.518924 (VIOLATED)
_37282_/B1                              8.600000    9.118923   -0.518924 (VIOLATED)
_37071_/A2                              8.600000    9.111917   -0.511917 (VIOLATED)
_37226_/B1                              8.600000    9.111914   -0.511914 (VIOLATED)
_36871_/A2                              8.600000    9.111909   -0.511909 (VIOLATED)
_37154_/A2                              8.600000    9.111904   -0.511904 (VIOLATED)
_36706_/ZN                              8.600000    9.111876   -0.511876 (VIOLATED)
_36709_/A2                              8.600000    9.111876   -0.511876 (VIOLATED)
_36928_/A2                              8.600000    9.111876   -0.511876 (VIOLATED)
_37012_/A2                              8.600000    9.111876   -0.511876 (VIOLATED)
_37293_/A2                              8.600000    9.111876   -0.511876 (VIOLATED)
_34337_/A2                              8.600000    9.100494   -0.500494 (VIOLATED)
_34340_/A2                              8.600000    9.100492   -0.500491 (VIOLATED)
_34322_/A1                              8.600000    9.100488   -0.500488 (VIOLATED)
_34321_/ZN                              8.600000    9.100302   -0.500302 (VIOLATED)
_36799_/ZN                              8.600000    9.085361   -0.485360 (VIOLATED)
_36801_/A2                              8.600000    9.085361   -0.485360 (VIOLATED)
_36840_/B1                              8.600000    9.085361   -0.485360 (VIOLATED)
_36953_/B1                              8.600000    9.085361   -0.485360 (VIOLATED)
_37043_/B1                              8.600000    9.085361   -0.485360 (VIOLATED)
_37108_/B1                              8.600000    9.085361   -0.485360 (VIOLATED)
_37163_/A2                              8.600000    9.085361   -0.485360 (VIOLATED)
_37257_/B1                              8.600000    9.085361   -0.485360 (VIOLATED)
_37309_/B1                              8.600000    9.085361   -0.485360 (VIOLATED)
_36706_/A3                              8.600000    9.081938   -0.481938 (VIOLATED)
_36721_/A3                              8.600000    9.081938   -0.481938 (VIOLATED)
_36717_/A4                              8.600000    9.081937   -0.481937 (VIOLATED)
_36703_/A3                              8.600000    9.081936   -0.481935 (VIOLATED)
_36718_/A4                              8.600000    9.081936   -0.481935 (VIOLATED)
_36740_/A2                              8.600000    9.081930   -0.481930 (VIOLATED)
_36737_/A2                              8.600000    9.081927   -0.481927 (VIOLATED)
_36759_/A3                              8.600000    9.081926   -0.481927 (VIOLATED)
_36645_/A1                              8.600000    9.081921   -0.481920 (VIOLATED)
_36712_/A3                              8.600000    9.081920   -0.481919 (VIOLATED)
_36764_/A3                              8.600000    9.081920   -0.481919 (VIOLATED)
_36751_/A4                              8.600000    9.081917   -0.481917 (VIOLATED)
_36755_/A3                              8.600000    9.081916   -0.481916 (VIOLATED)
_36783_/A3                              8.600000    9.081914   -0.481914 (VIOLATED)
_36790_/A3                              8.600000    9.081914   -0.481914 (VIOLATED)
_36844_/A3                              8.600000    9.081899   -0.481899 (VIOLATED)
_36679_/A3                              8.600000    9.081892   -0.481892 (VIOLATED)
_36803_/A3                              8.600000    9.081826   -0.481826 (VIOLATED)
_36691_/A3                              8.600000    9.081825   -0.481825 (VIOLATED)
_36818_/A3                              8.600000    9.081824   -0.481824 (VIOLATED)
_36684_/A3                              8.600000    9.081823   -0.481823 (VIOLATED)
_36632_/A1                              8.600000    9.081801   -0.481801 (VIOLATED)
_36627_/ZN                              8.600000    9.081773   -0.481773 (VIOLATED)
_36662_/A4                              8.600000    9.081773   -0.481773 (VIOLATED)
_36681_/A2                              8.600000    9.081773   -0.481773 (VIOLATED)
_36770_/A3                              8.600000    9.081773   -0.481773 (VIOLATED)
_36809_/A3                              8.600000    9.081773   -0.481773 (VIOLATED)
_36819_/A2                              8.600000    9.081773   -0.481773 (VIOLATED)
_36743_/A3                              8.600000    9.071566   -0.471566 (VIOLATED)
_36706_/A2                              8.600000    9.071565   -0.471565 (VIOLATED)
_36721_/A2                              8.600000    9.071565   -0.471564 (VIOLATED)
_36740_/A4                              8.600000    9.071562   -0.471561 (VIOLATED)
_36703_/A2                              8.600000    9.071561   -0.471561 (VIOLATED)
_36759_/A2                              8.600000    9.071559   -0.471559 (VIOLATED)
_36737_/A4                              8.600000    9.071558   -0.471558 (VIOLATED)
_36645_/A2                              8.600000    9.071552   -0.471553 (VIOLATED)
_36764_/A2                              8.600000    9.071551   -0.471552 (VIOLATED)
_36727_/A3                              8.600000    9.071551   -0.471551 (VIOLATED)
_36783_/A2                              8.600000    9.071551   -0.471551 (VIOLATED)
_36790_/A2                              8.600000    9.071551   -0.471551 (VIOLATED)
_36844_/A2                              8.600000    9.071550   -0.471550 (VIOLATED)
_36679_/A2                              8.600000    9.071549   -0.471549 (VIOLATED)
_36755_/A2                              8.600000    9.071538   -0.471538 (VIOLATED)
_36697_/A4                              8.600000    9.071488   -0.471489 (VIOLATED)
_36691_/A2                              8.600000    9.071486   -0.471487 (VIOLATED)
_36803_/A4                              8.600000    9.071486   -0.471485 (VIOLATED)
_36754_/A4                              8.600000    9.071479   -0.471479 (VIOLATED)
_36818_/A2                              8.600000    9.071465   -0.471466 (VIOLATED)
_36684_/A2                              8.600000    9.071455   -0.471455 (VIOLATED)
_36652_/A1                              8.600000    9.071419   -0.471418 (VIOLATED)
_36671_/A4                              8.600000    9.071400   -0.471400 (VIOLATED)
_36770_/A4                              8.600000    9.071398   -0.471398 (VIOLATED)
_36630_/ZN                              8.600000    9.071370   -0.471370 (VIOLATED)
_36809_/A4                              8.600000    9.071370   -0.471370 (VIOLATED)
_44840_/I0                              8.600000    9.059628   -0.459628 (VIOLATED)
_44821_/I0                              8.600000    9.059615   -0.459615 (VIOLATED)
_44830_/I0                              8.600000    9.059610   -0.459610 (VIOLATED)
_44782_/I1                              8.600000    9.059568   -0.459568 (VIOLATED)
_44869_/I0                              8.600000    9.059559   -0.459559 (VIOLATED)
_44996_/I1                              8.600000    9.059557   -0.459557 (VIOLATED)
_44924_/I1                              8.600000    9.059552   -0.459552 (VIOLATED)
_44773_/I1                              8.600000    9.059550   -0.459550 (VIOLATED)
_44756_/I0                              8.600000    9.059547   -0.459547 (VIOLATED)
_44888_/I1                              8.600000    9.059545   -0.459544 (VIOLATED)
_44987_/I1                              8.600000    9.059544   -0.459544 (VIOLATED)
_53734_/A1                              8.600000    9.059533   -0.459533 (VIOLATED)
_44978_/I1                              8.600000    9.059530   -0.459530 (VIOLATED)
_44942_/I1                              8.600000    9.059518   -0.459518 (VIOLATED)
_44906_/I1                              8.600000    9.059513   -0.459513 (VIOLATED)
_44879_/I0                              8.600000    9.059511   -0.459511 (VIOLATED)
_45005_/I1                              8.600000    9.059502   -0.459502 (VIOLATED)
_44969_/I1                              8.600000    9.059488   -0.459488 (VIOLATED)
_44933_/I1                              8.600000    9.059472   -0.459472 (VIOLATED)
_44960_/I1                              8.600000    9.059470   -0.459470 (VIOLATED)
_44915_/I1                              8.600000    9.059469   -0.459469 (VIOLATED)
_44951_/I1                              8.600000    9.059451   -0.459451 (VIOLATED)
_44897_/I1                              8.600000    9.059433   -0.459433 (VIOLATED)
_44706_/I0                              8.600000    9.059427   -0.459427 (VIOLATED)
_44788_/I0                              8.600000    9.059395   -0.459394 (VIOLATED)
_44717_/I0                              8.600000    9.059341   -0.459341 (VIOLATED)
_53399_/A2                              8.600000    9.059155   -0.459155 (VIOLATED)
_63241_/Q                               8.600000    9.059155   -0.459155 (VIOLATED)
_36766_/ZN                              8.600000    9.024836   -0.424835 (VIOLATED)
_36767_/B1                              8.600000    9.024836   -0.424835 (VIOLATED)
_36860_/B1                              8.600000    9.024836   -0.424835 (VIOLATED)
_36922_/B1                              8.600000    9.024836   -0.424835 (VIOLATED)
_37001_/B1                              8.600000    9.024836   -0.424835 (VIOLATED)
_37080_/B1                              8.600000    9.024836   -0.424835 (VIOLATED)
_37144_/B1                              8.600000    9.024836   -0.424835 (VIOLATED)
_37245_/B1                              8.600000    9.024836   -0.424835 (VIOLATED)
_37303_/B1                              8.600000    9.024836   -0.424835 (VIOLATED)
_36715_/ZN                              8.600000    9.023491   -0.423491 (VIOLATED)
_36716_/B1                              8.600000    9.023491   -0.423491 (VIOLATED)
_36869_/A2                              8.600000    9.023491   -0.423491 (VIOLATED)
_36916_/A2                              8.600000    9.023491   -0.423491 (VIOLATED)
_37009_/B1                              8.600000    9.023491   -0.423491 (VIOLATED)
_37077_/A2                              8.600000    9.023491   -0.423491 (VIOLATED)
_37142_/A2                              8.600000    9.023491   -0.423491 (VIOLATED)
_37246_/B1                              8.600000    9.023491   -0.423491 (VIOLATED)
_37301_/A2                              8.600000    9.023491   -0.423491 (VIOLATED)
_36797_/ZN                              8.600000    9.007742   -0.407741 (VIOLATED)
_36798_/B1                              8.600000    9.007742   -0.407741 (VIOLATED)
_36889_/A2                              8.600000    9.007742   -0.407741 (VIOLATED)
_36978_/B1                              8.600000    9.007742   -0.407741 (VIOLATED)
_37042_/A2                              8.600000    9.007742   -0.407741 (VIOLATED)
_37117_/B1                              8.600000    9.007742   -0.407741 (VIOLATED)
_37187_/A2                              8.600000    9.007742   -0.407741 (VIOLATED)
_37258_/A2                              8.600000    9.007742   -0.407741 (VIOLATED)
_37330_/B1                              8.600000    9.007742   -0.407741 (VIOLATED)
_36698_/ZN                              8.600000    8.981798   -0.381798 (VIOLATED)
_36699_/B1                              8.600000    8.981798   -0.381798 (VIOLATED)
_36899_/A2                              8.600000    8.981798   -0.381798 (VIOLATED)
_36969_/B1                              8.600000    8.981798   -0.381798 (VIOLATED)
_37016_/B1                              8.600000    8.981798   -0.381798 (VIOLATED)
_37122_/B1                              8.600000    8.981798   -0.381798 (VIOLATED)
_37196_/A2                              8.600000    8.981798   -0.381798 (VIOLATED)
_37255_/C1                              8.600000    8.981798   -0.381798 (VIOLATED)
_37284_/A2                              8.600000    8.981798   -0.381798 (VIOLATED)
_48838_/ZN                              8.600000    8.981794   -0.381794 (VIOLATED)
_48841_/B1                              8.600000    8.981794   -0.381794 (VIOLATED)
_48851_/B1                              8.600000    8.981794   -0.381794 (VIOLATED)
_48865_/B1                              8.600000    8.981794   -0.381794 (VIOLATED)
_48882_/B1                              8.600000    8.981794   -0.381794 (VIOLATED)
_48916_/A1                              8.600000    8.981794   -0.381794 (VIOLATED)
_48919_/B1                              8.600000    8.981794   -0.381794 (VIOLATED)
_48939_/B1                              8.600000    8.981794   -0.381794 (VIOLATED)
_48970_/A1                              8.600000    8.981794   -0.381794 (VIOLATED)
_48989_/A1                              8.600000    8.981794   -0.381794 (VIOLATED)
_48992_/A1                              8.600000    8.981794   -0.381794 (VIOLATED)
_36689_/ZN                              8.600000    8.972437   -0.372437 (VIOLATED)
_36690_/B1                              8.600000    8.972437   -0.372437 (VIOLATED)
_36890_/A2                              8.600000    8.972437   -0.372437 (VIOLATED)
_36968_/A2                              8.600000    8.972437   -0.372437 (VIOLATED)
_37049_/B1                              8.600000    8.972437   -0.372437 (VIOLATED)
_37113_/A2                              8.600000    8.972437   -0.372437 (VIOLATED)
_37162_/A2                              8.600000    8.972437   -0.372437 (VIOLATED)
_37261_/B1                              8.600000    8.972437   -0.372437 (VIOLATED)
_37281_/B1                              8.600000    8.972437   -0.372437 (VIOLATED)
_47255_/A2                              8.600000    8.969933   -0.369933 (VIOLATED)
_47286_/A2                              8.600000    8.969929   -0.369929 (VIOLATED)
_47295_/A3                              8.600000    8.969928   -0.369928 (VIOLATED)
_47231_/A3                              8.600000    8.969927   -0.369926 (VIOLATED)
_47198_/A2                              8.600000    8.969925   -0.369925 (VIOLATED)
_47303_/A2                              8.600000    8.969924   -0.369924 (VIOLATED)
_47187_/A2                              8.600000    8.969923   -0.369923 (VIOLATED)
_47176_/A1                              8.600000    8.969922   -0.369922 (VIOLATED)
_47311_/A3                              8.600000    8.969921   -0.369921 (VIOLATED)
_45643_/A1                              8.600000    8.969919   -0.369919 (VIOLATED)
_45638_/A2                              8.600000    8.969918   -0.369918 (VIOLATED)
_47320_/A3                              8.600000    8.969918   -0.369918 (VIOLATED)
_45647_/A1                              8.600000    8.969917   -0.369917 (VIOLATED)
_45650_/A1                              8.600000    8.969916   -0.369917 (VIOLATED)
_47168_/A2                              8.600000    8.969916   -0.369917 (VIOLATED)
_45637_/ZN                              8.600000    8.969888   -0.369888 (VIOLATED)
_45654_/A1                              8.600000    8.969888   -0.369888 (VIOLATED)
_45658_/A1                              8.600000    8.969888   -0.369888 (VIOLATED)
_47112_/A1                              8.600000    8.969888   -0.369888 (VIOLATED)
_47118_/A1                              8.600000    8.969888   -0.369888 (VIOLATED)
_47146_/A3                              8.600000    8.969888   -0.369888 (VIOLATED)
_47156_/A1                              8.600000    8.969888   -0.369888 (VIOLATED)
_47327_/A3                              8.600000    8.969888   -0.369888 (VIOLATED)
_34124_/B1                              8.600000    8.968152   -0.368152 (VIOLATED)
_55255_/A2                              8.600000    8.968149   -0.368149 (VIOLATED)
_34111_/A2                              8.600000    8.968137   -0.368137 (VIOLATED)
_34110_/A2                              8.600000    8.968132   -0.368132 (VIOLATED)
_41003_/A2                              8.600000    8.968068   -0.368068 (VIOLATED)
_41524_/A2                              8.600000    8.968013   -0.368012 (VIOLATED)
_41393_/A2                              8.600000    8.967988   -0.367988 (VIOLATED)
_41029_/A2                              8.600000    8.967984   -0.367984 (VIOLATED)
_40772_/A2                              8.600000    8.967983   -0.367983 (VIOLATED)
_41011_/A2                              8.600000    8.967982   -0.367982 (VIOLATED)
_41658_/A2                              8.600000    8.967982   -0.367982 (VIOLATED)
_40492_/A2                              8.600000    8.967981   -0.367981 (VIOLATED)
_40500_/A2                              8.600000    8.967981   -0.367981 (VIOLATED)
_40753_/A2                              8.600000    8.967981   -0.367981 (VIOLATED)
_41382_/A2                              8.600000    8.967981   -0.367981 (VIOLATED)
_41391_/A2                              8.600000    8.967980   -0.367980 (VIOLATED)
_41411_/A2                              8.600000    8.967980   -0.367980 (VIOLATED)
_41542_/A2                              8.600000    8.967980   -0.367980 (VIOLATED)
_41522_/A2                              8.600000    8.967978   -0.367979 (VIOLATED)
_40744_/A2                              8.600000    8.967977   -0.367977 (VIOLATED)
_41001_/A2                              8.600000    8.967975   -0.367975 (VIOLATED)
_40490_/A2                              8.600000    8.967974   -0.367973 (VIOLATED)
_41513_/A2                              8.600000    8.967972   -0.367971 (VIOLATED)
_40503_/A2                              8.600000    8.967937   -0.367938 (VIOLATED)
_40520_/A2                              8.600000    8.967937   -0.367938 (VIOLATED)
_40756_/A2                              8.600000    8.967937   -0.367938 (VIOLATED)
_41031_/A2                              8.600000    8.967937   -0.367938 (VIOLATED)
_41373_/A2                              8.600000    8.967937   -0.367938 (VIOLATED)
_41395_/A2                              8.600000    8.967937   -0.367938 (VIOLATED)
_41504_/A2                              8.600000    8.967937   -0.367938 (VIOLATED)
_41526_/A2                              8.600000    8.967937   -0.367938 (VIOLATED)
_41641_/A2                              8.600000    8.967937   -0.367938 (VIOLATED)
_41661_/A2                              8.600000    8.967937   -0.367938 (VIOLATED)
_41769_/A2                              8.600000    8.967937   -0.367938 (VIOLATED)
_55254_/A2                              8.600000    8.967937   -0.367938 (VIOLATED)
_58523_/A2                              8.600000    8.967937   -0.367938 (VIOLATED)
_60200_/Q                               8.600000    8.967937   -0.367938 (VIOLATED)
_36729_/B1                              8.600000    8.914446   -0.314446 (VIOLATED)
_37149_/B1                              8.600000    8.914446   -0.314446 (VIOLATED)
_36728_/ZN                              8.600000    8.914419   -0.314419 (VIOLATED)
_36868_/A2                              8.600000    8.914419   -0.314419 (VIOLATED)
_36916_/B1                              8.600000    8.914419   -0.314419 (VIOLATED)
_36997_/A2                              8.600000    8.914419   -0.314419 (VIOLATED)
_37072_/B1                              8.600000    8.914419   -0.314419 (VIOLATED)
_37217_/A2                              8.600000    8.914419   -0.314419 (VIOLATED)
_37287_/B1                              8.600000    8.914419   -0.314419 (VIOLATED)
_36802_/ZN                              8.600000    8.863130   -0.263129 (VIOLATED)
_36804_/A2                              8.600000    8.863130   -0.263129 (VIOLATED)
_36895_/B1                              8.600000    8.863130   -0.263129 (VIOLATED)
_36946_/B1                              8.600000    8.863130   -0.263129 (VIOLATED)
_37054_/B1                              8.600000    8.863130   -0.263129 (VIOLATED)
_37119_/A2                              8.600000    8.863130   -0.263129 (VIOLATED)
_37193_/B1                              8.600000    8.863130   -0.263129 (VIOLATED)
_37250_/B1                              8.600000    8.863130   -0.263129 (VIOLATED)
_37326_/B1                              8.600000    8.863130   -0.263129 (VIOLATED)
_37419_/ZN                              8.600000    8.789595   -0.189595 (VIOLATED)
_37421_/A2                              8.600000    8.789595   -0.189595 (VIOLATED)
_37494_/B1                              8.600000    8.789595   -0.189595 (VIOLATED)
_41929_/A2                              8.600000    8.789595   -0.189595 (VIOLATED)
_41955_/B1                              8.600000    8.789595   -0.189595 (VIOLATED)
_41993_/A2                              8.600000    8.789595   -0.189595 (VIOLATED)
_42019_/B1                              8.600000    8.789595   -0.189595 (VIOLATED)
_42050_/A2                              8.600000    8.789595   -0.189595 (VIOLATED)
_51156_/A1                              8.600000    8.772826   -0.172826 (VIOLATED)
_51149_/A1                              8.600000    8.772823   -0.172824 (VIOLATED)
_50700_/A1                              8.600000    8.772820   -0.172819 (VIOLATED)
_50923_/A1                              8.600000    8.772816   -0.172816 (VIOLATED)
_51406_/A1                              8.600000    8.772816   -0.172816 (VIOLATED)
_50704_/A1                              8.600000    8.772811   -0.172811 (VIOLATED)
_51398_/A1                              8.600000    8.772794   -0.172793 (VIOLATED)
_48847_/A1                              8.600000    8.772781   -0.172781 (VIOLATED)
_48264_/A1                              8.600000    8.772778   -0.172777 (VIOLATED)
_48263_/B                               8.600000    8.772777   -0.172776 (VIOLATED)
_48846_/C                               8.600000    8.772761   -0.172761 (VIOLATED)
_48244_/Z                               8.600000    8.772708   -0.172708 (VIOLATED)
_36731_/ZN                              8.600000    8.766254   -0.166255 (VIOLATED)
_36732_/B1                              8.600000    8.766254   -0.166255 (VIOLATED)
_36867_/B1                              8.600000    8.766254   -0.166255 (VIOLATED)
_36921_/B1                              8.600000    8.766254   -0.166255 (VIOLATED)
_36996_/B1                              8.600000    8.766254   -0.166255 (VIOLATED)
_37084_/B1                              8.600000    8.766254   -0.166255 (VIOLATED)
_37153_/B1                              8.600000    8.766254   -0.166255 (VIOLATED)
_37214_/C1                              8.600000    8.766254   -0.166255 (VIOLATED)
_37302_/A2                              8.600000    8.766254   -0.166255 (VIOLATED)
_37085_/B1                              8.600000    8.764474   -0.164474 (VIOLATED)
_36913_/B1                              8.600000    8.764472   -0.164472 (VIOLATED)
_37149_/A2                              8.600000    8.764471   -0.164471 (VIOLATED)
_36725_/ZN                              8.600000    8.764441   -0.164441 (VIOLATED)
_36726_/B1                              8.600000    8.764441   -0.164441 (VIOLATED)
_36877_/A2                              8.600000    8.764441   -0.164441 (VIOLATED)
_37000_/A2                              8.600000    8.764441   -0.164441 (VIOLATED)
_37244_/A2                              8.600000    8.764441   -0.164441 (VIOLATED)
_37301_/B1                              8.600000    8.764441   -0.164441 (VIOLATED)
_37397_/ZN                              8.600000    8.734933   -0.134933 (VIOLATED)
_37402_/B1                              8.600000    8.734933   -0.134933 (VIOLATED)
_37495_/A2                              8.600000    8.734933   -0.134933 (VIOLATED)
_41960_/B1                              8.600000    8.734933   -0.134933 (VIOLATED)
_41974_/B1                              8.600000    8.734933   -0.134933 (VIOLATED)
_41990_/A2                              8.600000    8.734933   -0.134933 (VIOLATED)
_42007_/A2                              8.600000    8.734933   -0.134933 (VIOLATED)
_42024_/A2                              8.600000    8.734933   -0.134933 (VIOLATED)
_42056_/A2                              8.600000    8.734933   -0.134933 (VIOLATED)
_42064_/A2                              8.600000    8.734933   -0.134933 (VIOLATED)
_44941_/I1                              8.600000    8.671828   -0.071828 (VIOLATED)
_44977_/I1                              8.600000    8.671827   -0.071827 (VIOLATED)
_44959_/I1                              8.600000    8.671826   -0.071826 (VIOLATED)
_44868_/I0                              8.600000    8.671825   -0.071825 (VIOLATED)
_44923_/I1                              8.600000    8.671822   -0.071822 (VIOLATED)
_44995_/I1                              8.600000    8.671819   -0.071819 (VIOLATED)
_44905_/I1                              8.600000    8.671810   -0.071810 (VIOLATED)
_44887_/I1                              8.600000    8.671805   -0.071806 (VIOLATED)
_44896_/I1                              8.600000    8.671730   -0.071730 (VIOLATED)
_44839_/I0                              8.600000    8.671704   -0.071704 (VIOLATED)
_44914_/I1                              8.600000    8.671660   -0.071660 (VIOLATED)
_44705_/I0                              8.600000    8.671659   -0.071658 (VIOLATED)
_44803_/I0                              8.600000    8.671657   -0.071656 (VIOLATED)
_44829_/I0                              8.600000    8.671650   -0.071650 (VIOLATED)
_44755_/I0                              8.600000    8.671649   -0.071648 (VIOLATED)
_53732_/A1                              8.600000    8.671646   -0.071646 (VIOLATED)
_44772_/I1                              8.600000    8.671640   -0.071640 (VIOLATED)
_44950_/I1                              8.600000    8.671629   -0.071629 (VIOLATED)
_44781_/I1                              8.600000    8.671627   -0.071627 (VIOLATED)
_44820_/I0                              8.600000    8.671623   -0.071624 (VIOLATED)
_44968_/I1                              8.600000    8.671612   -0.071612 (VIOLATED)
_44787_/I0                              8.600000    8.671611   -0.071611 (VIOLATED)
_44986_/I1                              8.600000    8.671570   -0.071569 (VIOLATED)
_44850_/A1                              8.600000    8.671524   -0.071524 (VIOLATED)
_44878_/I0                              8.600000    8.671498   -0.071498 (VIOLATED)
_44932_/I1                              8.600000    8.671426   -0.071426 (VIOLATED)
_45004_/I1                              8.600000    8.671287   -0.071286 (VIOLATED)
_44716_/I0                              8.600000    8.670673   -0.070673 (VIOLATED)
_53394_/I1                              8.600000    8.670083   -0.070083 (VIOLATED)
_63240_/Q                               8.600000    8.670083   -0.070083 (VIOLATED)
_36803_/ZN                              8.600000    8.649257   -0.049257 (VIOLATED)
_36804_/B1                              8.600000    8.649257   -0.049257 (VIOLATED)
_36892_/B1                              8.600000    8.649257   -0.049257 (VIOLATED)
_36954_/B1                              8.600000    8.649257   -0.049257 (VIOLATED)
_37048_/B1                              8.600000    8.649257   -0.049257 (VIOLATED)
_37119_/B1                              8.600000    8.649257   -0.049257 (VIOLATED)
_37187_/B1                              8.600000    8.649257   -0.049257 (VIOLATED)
_37237_/B1                              8.600000    8.649257   -0.049257 (VIOLATED)
_37283_/B1                              8.600000    8.649257   -0.049257 (VIOLATED)
_37361_/ZN                              8.600000    8.625868   -0.025867 (VIOLATED)
_37508_/A1                              8.600000    8.625868   -0.025867 (VIOLATED)
_41929_/A1                              8.600000    8.625868   -0.025867 (VIOLATED)
_41967_/C2                              8.600000    8.625868   -0.025867 (VIOLATED)
_41979_/A2                              8.600000    8.625868   -0.025867 (VIOLATED)
_41997_/A2                              8.600000    8.625868   -0.025867 (VIOLATED)
_42012_/B1                              8.600000    8.625868   -0.025867 (VIOLATED)
_42034_/A2                              8.600000    8.625868   -0.025867 (VIOLATED)
_42043_/C2                              8.600000    8.625868   -0.025867 (VIOLATED)
_50488_/B1                              8.600000    8.608106   -0.008106 (VIOLATED)
_50497_/B1                              8.600000    8.608106   -0.008106 (VIOLATED)
_50470_/ZN                              8.600000    8.608076   -0.008076 (VIOLATED)
_50471_/B1                              8.600000    8.608076   -0.008076 (VIOLATED)
_50515_/B1                              8.600000    8.608076   -0.008076 (VIOLATED)
_50519_/B1                              8.600000    8.608076   -0.008076 (VIOLATED)
_50527_/B1                              8.600000    8.608076   -0.008076 (VIOLATED)
_50540_/B1                              8.600000    8.608076   -0.008076 (VIOLATED)
_50549_/B1                              8.600000    8.608076   -0.008076 (VIOLATED)

max capacitance

Pin                                        Limit         Cap       Slack
------------------------------------------------------------------------
_34150_/ZN                              0.182900    0.317007   -0.134107 (VIOLATED)
_34327_/ZN                              0.091010    0.202598   -0.111588 (VIOLATED)
_34326_/ZN                              0.091010    0.189965   -0.098955 (VIOLATED)
_49326_/ZN                              0.222900    0.302065   -0.079165 (VIOLATED)
_36665_/ZN                              0.091010    0.165112   -0.074102 (VIOLATED)
_36815_/ZN                              0.091010    0.149439   -0.058429 (VIOLATED)
_36682_/ZN                              0.091010    0.147476   -0.056466 (VIOLATED)
_36783_/ZN                              0.091010    0.146452   -0.055442 (VIOLATED)
_63236_/Q                               0.358400    0.413701   -0.055301 (VIOLATED)
_36809_/ZN                              0.091010    0.143274   -0.052264 (VIOLATED)
_58368_/ZN                              0.225700    0.275894   -0.050194 (VIOLATED)
_36816_/ZN                              0.091010    0.139647   -0.048637 (VIOLATED)
_63121_/Q                               0.358400    0.406681   -0.048281 (VIOLATED)
_36752_/ZN                              0.091010    0.138618   -0.047608 (VIOLATED)
_48239_/ZN                              0.222900    0.269018   -0.046118 (VIOLATED)
_36697_/ZN                              0.091010    0.136398   -0.045388 (VIOLATED)
_36806_/ZN                              0.091010    0.135214   -0.044204 (VIOLATED)
_36662_/ZN                              0.091010    0.133666   -0.042656 (VIOLATED)
_34312_/ZN                              0.114500    0.156224   -0.041724 (VIOLATED)
_36649_/ZN                              0.091010    0.132288   -0.041278 (VIOLATED)
_36667_/ZN                              0.091010    0.129815   -0.038805 (VIOLATED)
_36762_/ZN                              0.091010    0.128873   -0.037863 (VIOLATED)
_36746_/ZN                              0.091010    0.127709   -0.036699 (VIOLATED)
_36694_/ZN                              0.091010    0.127460   -0.036450 (VIOLATED)
_63301_/Q                               0.358400    0.393787   -0.035387 (VIOLATED)
_36685_/ZN                              0.091010    0.126258   -0.035248 (VIOLATED)
_36819_/ZN                              0.091010    0.125889   -0.034879 (VIOLATED)
_36668_/ZN                              0.091010    0.125718   -0.034708 (VIOLATED)
_36734_/ZN                              0.091010    0.125502   -0.034492 (VIOLATED)
_50155_/ZN                              0.222900    0.257137   -0.034237 (VIOLATED)
_36691_/ZN                              0.091010    0.124259   -0.033249 (VIOLATED)
_36711_/ZN                              0.091010    0.123568   -0.032558 (VIOLATED)
_36718_/ZN                              0.091010    0.122925   -0.031915 (VIOLATED)
_36656_/ZN                              0.091010    0.122885   -0.031875 (VIOLATED)
_63241_/Q                               0.358400    0.389544   -0.031144 (VIOLATED)
_36655_/ZN                              0.091010    0.121725   -0.030715 (VIOLATED)
_36674_/ZN                              0.091010    0.121480   -0.030470 (VIOLATED)
_36770_/ZN                              0.091010    0.121039   -0.030029 (VIOLATED)
_45074_/ZN                              0.182900    0.212462   -0.029562 (VIOLATED)
_36684_/ZN                              0.091010    0.120216   -0.029206 (VIOLATED)
_36730_/ZN                              0.091010    0.118807   -0.027797 (VIOLATED)
_36692_/ZN                              0.091010    0.118781   -0.027771 (VIOLATED)
_60200_/Q                               0.358400    0.385415   -0.027015 (VIOLATED)
_36764_/ZN                              0.091010    0.117843   -0.026833 (VIOLATED)
_36743_/ZN                              0.091010    0.117525   -0.026515 (VIOLATED)
_36714_/ZN                              0.091010    0.117365   -0.026355 (VIOLATED)
_36664_/ZN                              0.091010    0.117346   -0.026336 (VIOLATED)
_48235_/ZN                              0.122200    0.148117   -0.025917 (VIOLATED)
_36786_/ZN                              0.091010    0.115660   -0.024650 (VIOLATED)
_34321_/ZN                              0.180300    0.203728   -0.023428 (VIOLATED)
_34317_/ZN                              0.107300    0.130192   -0.022892 (VIOLATED)
_36747_/ZN                              0.091010    0.112640   -0.021630 (VIOLATED)
_36627_/ZN                              0.181500    0.202557   -0.021057 (VIOLATED)
_36818_/ZN                              0.091010    0.111969   -0.020959 (VIOLATED)
_36630_/ZN                              0.181500    0.202328   -0.020828 (VIOLATED)
_36670_/ZN                              0.091010    0.111783   -0.020773 (VIOLATED)
_36712_/ZN                              0.091010    0.111685   -0.020675 (VIOLATED)
_51147_/ZN                              0.091010    0.111650   -0.020640 (VIOLATED)
_36812_/ZN                              0.091010    0.110759   -0.019749 (VIOLATED)
_36671_/ZN                              0.091010    0.110729   -0.019719 (VIOLATED)
_36704_/ZN                              0.091010    0.109052   -0.018042 (VIOLATED)
_36740_/ZN                              0.091010    0.106712   -0.015702 (VIOLATED)
_37444_/ZN                              0.091010    0.106635   -0.015625 (VIOLATED)
_36724_/ZN                              0.091010    0.106280   -0.015270 (VIOLATED)
_50335_/ZN                              0.222900    0.238122   -0.015222 (VIOLATED)
_36741_/ZN                              0.091010    0.106108   -0.015098 (VIOLATED)
_36688_/ZN                              0.091010    0.105927   -0.014917 (VIOLATED)
_63240_/Q                               0.358400    0.373147   -0.014747 (VIOLATED)
_36727_/ZN                              0.091010    0.105513   -0.014503 (VIOLATED)
_34762_/ZN                              0.243900    0.258058   -0.014158 (VIOLATED)
_45637_/ZN                              0.222900    0.237032   -0.014132 (VIOLATED)
_48244_/Z                               0.181900    0.195932   -0.014032 (VIOLATED)
_36848_/ZN                              0.091010    0.104712   -0.013702 (VIOLATED)
_36758_/ZN                              0.091010    0.104084   -0.013074 (VIOLATED)
_36792_/ZN                              0.091010    0.104066   -0.013056 (VIOLATED)
_36717_/ZN                              0.091010    0.104046   -0.013036 (VIOLATED)
_36805_/ZN                              0.091010    0.103553   -0.012543 (VIOLATED)
_36800_/ZN                              0.091010    0.103490   -0.012480 (VIOLATED)
_36721_/ZN                              0.091010    0.103175   -0.012165 (VIOLATED)
_37507_/ZN                              0.091010    0.102839   -0.011829 (VIOLATED)
_36784_/ZN                              0.091010    0.102799   -0.011789 (VIOLATED)
_36706_/ZN                              0.091010    0.102770   -0.011760 (VIOLATED)
_36799_/ZN                              0.091010    0.102489   -0.011479 (VIOLATED)
_36715_/ZN                              0.091010    0.101634   -0.010624 (VIOLATED)
_36766_/ZN                              0.091010    0.101617   -0.010607 (VIOLATED)
_36797_/ZN                              0.091010    0.101449   -0.010439 (VIOLATED)
_36698_/ZN                              0.091010    0.101204   -0.010194 (VIOLATED)
_36689_/ZN                              0.091010    0.101050   -0.010040 (VIOLATED)
_48838_/ZN                              0.091010    0.101017   -0.010007 (VIOLATED)
_34130_/ZN                              0.222900    0.232890   -0.009990 (VIOLATED)
_50575_/ZN                              0.144900    0.154616   -0.009716 (VIOLATED)
_36728_/ZN                              0.091010    0.100358   -0.009348 (VIOLATED)
_63235_/Q                               0.358400    0.367651   -0.009251 (VIOLATED)
_36802_/ZN                              0.091010    0.099581   -0.008571 (VIOLATED)
_50072_/ZN                              0.222900    0.231069   -0.008169 (VIOLATED)
_36725_/ZN                              0.091010    0.098514   -0.007504 (VIOLATED)
_36731_/ZN                              0.091010    0.098489   -0.007479 (VIOLATED)
_34110_/Z                               0.358000    0.365385   -0.007385 (VIOLATED)
_48552_/ZN                              0.161900    0.169078   -0.007178 (VIOLATED)
_48234_/ZN                              0.322300    0.328887   -0.006587 (VIOLATED)
_36803_/ZN                              0.091010    0.097294   -0.006284 (VIOLATED)
_36761_/ZN                              0.091010    0.096307   -0.005297 (VIOLATED)
_31705_/ZN                              0.091010    0.096293   -0.005283 (VIOLATED)
_35014_/ZN                              0.091010    0.096104   -0.005094 (VIOLATED)
_37419_/ZN                              0.091010    0.095542   -0.004532 (VIOLATED)
_37397_/ZN                              0.091010    0.094884   -0.003874 (VIOLATED)
_37361_/ZN                              0.091010    0.093631   -0.002621 (VIOLATED)
_36708_/ZN                              0.091010    0.093561   -0.002551 (VIOLATED)
_38200_/ZN                              0.222900    0.224489   -0.001589 (VIOLATED)
input34/Z                               0.359900    0.361144   -0.001244 (VIOLATED)
_36720_/ZN                              0.091010    0.091727   -0.000717 (VIOLATED)
_63239_/Q                               0.358400    0.358983   -0.000583 (VIOLATED)
_63115_/Q                               0.716400    0.716590   -0.000190 (VIOLATED)
_37376_/ZN                              0.091010    0.091115   -0.000105 (VIOLATED)
_50555_/ZN                              0.091010    0.091048   -0.000038 (VIOLATED)



===========================================================================
report_parasitic_annotation -report_unannotated
============================================================================
Found 166 unannotated drivers.
 clkload0/ZN
 clkload1/ZN
 clkload10/ZN
 clkload100/Z
 clkload101/ZN
 clkload102/Z
 clkload103/ZN
 clkload104/Z
 clkload105/ZN
 clkload106/ZN
 clkload107/Z
 clkload108/Z
 clkload109/Z
 clkload11/Z
 clkload110/ZN
 clkload111/Z
 clkload112/Z
 clkload113/ZN
 clkload114/ZN
 clkload115/Z
 clkload116/Z
 clkload117/ZN
 clkload118/ZN
 clkload119/ZN
 clkload12/ZN
 clkload120/Z
 clkload121/Z
 clkload122/Z
 clkload123/ZN
 clkload124/ZN
 clkload125/ZN
 clkload126/Z
 clkload127/Z
 clkload128/Z
 clkload129/ZN
 clkload13/ZN
 clkload130/ZN
 clkload131/Z
 clkload132/Z
 clkload133/ZN
 clkload134/ZN
 clkload135/Z
 clkload136/ZN
 clkload137/ZN
 clkload138/Z
 clkload139/ZN
 clkload14/ZN
 clkload140/ZN
 clkload141/ZN
 clkload142/ZN
 clkload143/ZN
 clkload144/ZN
 clkload145/Z
 clkload146/Z
 clkload147/Z
 clkload148/ZN
 clkload149/Z
 clkload15/ZN
 clkload150/ZN
 clkload151/Z
 clkload152/ZN
 clkload153/ZN
 clkload154/ZN
 clkload155/Z
 clkload156/Z
 clkload157/ZN
 clkload158/Z
 clkload159/ZN
 clkload16/Z
 clkload160/Z
 clkload161/Z
 clkload162/Z
 clkload163/Z
 clkload164/ZN
 clkload165/ZN
 clkload17/Z
 clkload18/Z
 clkload19/ZN
 clkload2/ZN
 clkload20/ZN
 clkload21/Z
 clkload22/ZN
 clkload23/Z
 clkload24/Z
 clkload25/Z
 clkload26/Z
 clkload27/ZN
 clkload28/ZN
 clkload29/ZN
 clkload3/ZN
 clkload30/ZN
 clkload31/ZN
 clkload32/ZN
 clkload33/ZN
 clkload34/ZN
 clkload35/ZN
 clkload36/ZN
 clkload37/Z
 clkload38/Z
 clkload39/ZN
 clkload4/Z
 clkload40/ZN
 clkload41/ZN
 clkload42/Z
 clkload43/ZN
 clkload44/ZN
 clkload45/ZN
 clkload46/Z
 clkload47/Z
 clkload48/ZN
 clkload49/Z
 clkload5/ZN
 clkload50/ZN
 clkload51/ZN
 clkload52/ZN
 clkload53/ZN
 clkload54/ZN
 clkload55/Z
 clkload56/ZN
 clkload57/ZN
 clkload58/ZN
 clkload59/Z
 clkload6/Z
 clkload60/Z
 clkload61/ZN
 clkload62/Z
 clkload63/ZN
 clkload64/ZN
 clkload65/ZN
 clkload66/Z
 clkload67/ZN
 clkload68/Z
 clkload69/Z
 clkload7/Z
 clkload70/ZN
 clkload71/ZN
 clkload72/Z
 clkload73/Z
 clkload74/Z
 clkload75/Z
 clkload76/ZN
 clkload77/ZN
 clkload78/Z
 clkload79/Z
 clkload8/ZN
 clkload80/Z
 clkload81/Z
 clkload82/Z
 clkload83/ZN
 clkload84/Z
 clkload85/Z
 clkload86/ZN
 clkload87/Z
 clkload88/ZN
 clkload89/ZN
 clkload9/ZN
 clkload90/ZN
 clkload91/ZN
 clkload92/Z
 clkload93/ZN
 clkload94/Z
 clkload95/Z
 clkload96/ZN
 clkload97/ZN
 clkload98/Z
 clkload99/ZN
Found 0 partially unannotated drivers.

===========================================================================
max slew violation count 1060
max fanout violation count 0
max cap violation count 115
============================================================================

===========================================================================
check_setup -verbose -unconstrained_endpoints -multiple_clock -no_clock -no_input_delay -loops -generated_clocks
===========================================================================
Warning: There are 25 input ports missing set_input_delay.
  GRP_ADDR_0
  GRP_ADDR_1
  GRP_ADDR_2
  GRP_ADDR_3
  GRP_ADDR_4
  GRP_ADDR_5
  GRP_ADDR_6
  GRP_ADDR_7
  GRP_RE
  GRP_WDATA_0
  GRP_WDATA_1
  GRP_WDATA_2
  GRP_WDATA_3
  GRP_WDATA_4
  GRP_WDATA_5
  GRP_WDATA_6
  GRP_WDATA_7
  GRP_WE
  HOST_CS
  PSRAM_SIO_IN_0
  PSRAM_SIO_IN_1
  PSRAM_SIO_IN_2
  PSRAM_SIO_IN_3
  RESETB
  SPI_SCK
Warning: There are 51 unclocked register/latch pins.
  _62456_/CLK
  _62457_/CLK
  _62458_/CLK
  _62459_/CLK
  _62460_/CLK
  _62461_/CLK
  _62462_/CLK
  _62463_/CLK
  _62464_/CLK
  _62465_/CLK
  _62466_/CLK
  _62467_/CLK
  _62468_/CLK
  _62469_/CLK
  _62470_/CLK
  _62471_/CLK
  _62472_/CLK
  _62473_/CLK
  _62474_/CLK
  _62475_/CLK
  _62476_/CLK
  _62477_/CLK
  _62478_/CLK
  _62479_/CLK
  _62480_/CLK
  _62481_/CLK
  _62482_/CLK
  _62483_/CLK
  _62484_/CLK
  _62485_/CLK
  _62486_/CLK
  _62487_/CLK
  _62488_/CLK
  _63992_/CLKN
  _63993_/CLKN
  _63994_/CLKN
  _63995_/CLKN
  _63996_/CLKN
  _63997_/CLKN
  _63998_/CLKN
  _63999_/CLKN
  _64003_/CLK
  _64004_/CLK
  _64005_/CLK
  _64011_/CLK
  _64012_/CLK
  _64013_/CLK
  _64014_/CLK
  _64015_/CLK
  _64016_/CLK
  _64017_/CLK
Warning: There are 54 unconstrained endpoints.
  SPI_MISO
  _62456_/D
  _62457_/D
  _62458_/D
  _62459_/D
  _62460_/D
  _62461_/D
  _62462_/D
  _62463_/D
  _62464_/D
  _62465_/D
  _62466_/D
  _62467_/D
  _62468_/D
  _62469_/D
  _62470_/D
  _62471_/D
  _62472_/D
  _62473_/D
  _62474_/D
  _62475_/D
  _62476_/D
  _62477_/D
  _62478_/D
  _62479_/D
  _62480_/D
  _62481_/D
  _62482_/D
  _62483_/D
  _62484_/D
  _62485_/D
  _62486_/D
  _62487_/D
  _62488_/D
  _63992_/D
  _63993_/D
  _63994_/D
  _63995_/D
  _63996_/D
  _63997_/D
  _63998_/D
  _63999_/D
  _64003_/D
  _64004_/D
  _64005_/D
  _64006_/D
  _64009_/D
  _64011_/D
  _64012_/D
  _64013_/D
  _64014_/D
  _64015_/D
  _64016_/D
  _64017_/D
